{"type":"FeatureCollection","features":[{"type":"Feature","properties":{"zone":"CM","color":"#58897B"},"geometry":{"type":"MultiPolygon","coordinates":[[[[-78.50444,38.0217],[-78.50601,38.02018],[-78.50839,38.02246],[-78.50646,38.02361],[-78.50444,38.0217]]],[[[-78.51857,38.0286],[-78.5197,38.02851],[-78.52045,38.02973],[-78.51826,38.02983],[-78.51857,38.0286]]],[[[-78.50532,38.03059],[-78.50583,38.032],[-78.50429,38.02963],[-78.5039,38.03095],[-78.50071,38.02981],[-78.4957,38.03103],[-78.5056,38.02855],[-78.50532,38.03059]],[[-78.5037,38.02948],[-78.50379,38.02953],[-78.50392,38.02939],[-78.50384,38.02934],[-78.5037,38.02948]]],[[[-78.51027,38.03052],[-78.51046,38.03128],[-78.50922,38.0308],[-78.50963,38.03026],[-78.51027,38.03052]]],[[[-78.50822,38.03582],[-78.50935,38.03617],[-78.50911,38.03678],[-78.50796,38.03651],[-78.50822,38.03582]]],[[[-78.50971,38.03863],[-78.51023,38.03975],[-78.50684,38.03979],[-78.50723,38.03862],[-78.50971,38.03863]]],[[[-78.50637,38.04038],[-78.5062,38.04088],[-78.50582,38.0407],[-78.50632,38.03976],[-78.50637,38.04038]]],[[[-78.50842,38.04098],[-78.50928,38.0428],[-78.50622,38.04142],[-78.50676,38.04002],[-78.50842,38.04098]],[[-78.50667,38.04111],[-78.50692,38.04077],[-78.5064,38.04106],[-78.50667,38.04111]]],[[[-78.51437,38.04203],[-78.51624,38.04039],[-78.51738,38.04118],[-78.51418,38.04415],[-78.51437,38.04203]]],[[[-78.50571,38.04152],[-78.5053,38.0434],[-78.50464,38.04328],[-78.50571,38.04152]]],[[[-78.50953,38.04309],[-78.51077,38.04396],[-78.5044,38.04691],[-78.50614,38.04157],[-78.50953,38.04309]]],[[[-78.51047,38.05117],[-78.50791,38.05607],[-78.501,38.05466],[-78.50446,38.05095],[-78.51047,38.05117]]],[[[-78.50621,38.01121],[-78.50425,38.01524],[-78.50242,38.01475],[-78.50468,38.01171],[-78.50621,38.01121]]],[[[-78.50417,38.03085],[-78.50417,38.03086],[-78.50394,38.03141],[-78.50412,38.03083],[-78.50417,38.03085]]],[[[-78.50407,38.04421],[-78.50376,38.04764],[-78.50014,38.05159],[-78.49927,38.05076],[-78.50407,38.04421]]],[[[-78.49635,38.02576],[-78.50043,38.0258],[-78.50053,38.02584],[-78.49676,38.02811],[-78.49635,38.02576]]],[[[-78.50104,38.03138],[-78.49928,38.03062],[-78.49899,38.0303],[-78.50254,38.03059],[-78.50104,38.03138]]],[[[-78.50306,38.03081],[-78.50303,38.03095],[-78.50244,38.03081],[-78.50256,38.0307],[-78.50306,38.03081]]],[[[-78.50284,38.032],[-78.50313,38.03104],[-78.50384,38.03117],[-78.50358,38.03201],[-78.50284,38.032]]],[[[-78.50188,38.03146],[-78.50222,38.03105],[-78.50245,38.03111],[-78.50232,38.03148],[-78.50188,38.03146]]],[[[-78.49899,38.03055],[-78.5014,38.03163],[-78.50171,38.03207],[-78.49692,38.03094],[-78.49899,38.03055]]],[[[-78.49732,38.03187],[-78.49685,38.03128],[-78.49971,38.0325],[-78.49896,38.03283],[-78.49732,38.03187]]],[[[-78.50272,38.03199],[-78.50187,38.03205],[-78.50182,38.03157],[-78.50286,38.0315],[-78.50272,38.03199]]],[[[-78.49832,38.03256],[-78.49768,38.03317],[-78.49628,38.03231],[-78.49652,38.0318],[-78.49832,38.03256]]],[[[-78.50328,38.03691],[-78.50236,38.03844],[-78.50143,38.03814],[-78.5024,38.03649],[-78.50328,38.03691]]],[[[-78.50184,38.03833],[-78.50233,38.03849],[-78.50208,38.03893],[-78.50157,38.03876],[-78.50184,38.03833]]],[[[-78.47319,38.02211],[-78.47342,38.0218],[-78.47514,38.02255],[-78.47465,38.02322],[-78.47319,38.02211]]],[[[-78.49682,38.02961],[-78.49583,38.03004],[-78.49564,38.02969],[-78.49676,38.0294],[-78.49682,38.02961]]],[[[-78.49584,38.0304],[-78.49786,38.0297],[-78.49808,38.03012],[-78.49657,38.03038],[-78.49584,38.0304]]],[[[-78.4928,38.03069],[-78.49263,38.03064],[-78.49282,38.0303],[-78.49295,38.03034],[-78.4928,38.03069]]],[[[-78.49235,38.03118],[-78.49259,38.03073],[-78.49343,38.03093],[-78.49322,38.03123],[-78.49235,38.03118]]],[[[-78.49653,38.03163],[-78.49601,38.03152],[-78.49548,38.03144],[-78.49661,38.03121],[-78.49653,38.03163]]],[[[-78.49641,38.03179],[-78.49629,38.03203],[-78.49561,38.03184],[-78.49569,38.03169],[-78.49641,38.03179]]],[[[-78.49592,38.03277],[-78.49525,38.03262],[-78.49547,38.03213],[-78.49614,38.0323],[-78.49592,38.03277]]],[[[-78.49629,38.03362],[-78.49526,38.03413],[-78.4953,38.03282],[-78.49648,38.03307],[-78.49629,38.03362]]],[[[-78.46147,38.03521],[-78.46263,38.03412],[-78.46439,38.03489],[-78.46316,38.03639],[-78.46147,38.03521]]],[[[-78.49737,38.03813],[-78.49675,38.03916],[-78.49542,38.03865],[-78.49592,38.0378],[-78.49737,38.03813]]],[[[-78.48786,38.04022],[-78.48914,38.04185],[-78.48426,38.04128],[-78.48656,38.03911],[-78.48786,38.04022]]],[[[-78.48415,38.04107],[-78.48393,38.04171],[-78.48135,38.04154],[-78.48249,38.03999],[-78.48415,38.04107]]],[[[-78.47703,38.04212],[-78.47883,38.04301],[-78.47775,38.04431],[-78.47633,38.0431],[-78.47703,38.04212]]],[[[-78.47274,38.05231],[-78.47806,38.05083],[-78.47961,38.05375],[-78.47304,38.05395],[-78.47274,38.05231]]],[[[-78.48491,38.05238],[-78.48441,38.05515],[-78.482,38.05245],[-78.48538,38.05179],[-78.48491,38.05238]]],[[[-78.46994,38.0645],[-78.47009,38.06253],[-78.47221,38.06403],[-78.47061,38.06502],[-78.46994,38.0645]]]]}},{"type":"Feature","properties":{"zone":"CV","color":"#88C29C"},"geometry":{"type":"MultiPolygon","coordinates":[[[[-78.51479,38.01095],[-78.51175,38.00966],[-78.51853,38.01064],[-78.51793,38.01232],[-78.51479,38.01095]]],[[[-78.50807,38.01106],[-78.50903,38.01126],[-78.50944,38.01313],[-78.50689,38.01182],[-78.50807,38.01106]]],[[[-78.51929,38.01092],[-78.51876,38.01282],[-78.51739,38.01263],[-78.51803,38.01239],[-78.51855,38.01193],[-78.51874,38.01076],[-78.51929,38.01092]]],[[[-78.50737,38.01219],[-78.50717,38.01242],[-78.50699,38.01236],[-78.50717,38.01208],[-78.50737,38.01219]]],[[[-78.508,38.01298],[-78.50816,38.01304],[-78.50815,38.01318],[-78.50768,38.01334],[-78.508,38.01298]]],[[[-78.49978,38.01288],[-78.50028,38.01406],[-78.49928,38.01453],[-78.49843,38.0146],[-78.49978,38.01288]]],[[[-78.50458,38.01481],[-78.5048,38.01453],[-78.50491,38.0147],[-78.50458,38.01481]]],[[[-78.50516,38.01478],[-78.50537,38.01467],[-78.50557,38.01478],[-78.50533,38.01502],[-78.50516,38.01478]]],[[[-78.50036,38.01469],[-78.50047,38.01484],[-78.49954,38.01518],[-78.49991,38.01479],[-78.50036,38.01469]]],[[[-78.5005,38.01507],[-78.50048,38.01512],[-78.50038,38.01503],[-78.50046,38.01498],[-78.5005,38.01507]]],[[[-78.50543,38.01525],[-78.50526,38.01517],[-78.50531,38.01511],[-78.5055,38.0152],[-78.50543,38.01525]]],[[[-78.50011,38.01521],[-78.50017,38.01516],[-78.50033,38.01531],[-78.50027,38.01536],[-78.50011,38.01521]]],[[[-78.49955,38.01543],[-78.50009,38.01582],[-78.50094,38.01476],[-78.50056,38.01555],[-78.4997,38.0161],[-78.49955,38.01543]]],[[[-78.51643,38.01865],[-78.51529,38.01826],[-78.51459,38.01671],[-78.51521,38.01649],[-78.51643,38.01865]]],[[[-78.50047,38.0168],[-78.50117,38.01686],[-78.50285,38.01749],[-78.50014,38.01871],[-78.50047,38.0168]]],[[[-78.49803,38.01903],[-78.49753,38.01849],[-78.4973,38.01774],[-78.49952,38.01966],[-78.49803,38.01903]]],[[[-78.50751,38.01929],[-78.50735,38.01945],[-78.50724,38.0194],[-78.50733,38.01927],[-78.50751,38.01929]]],[[[-78.5071,38.01975],[-78.50733,38.01997],[-78.50756,38.0202],[-78.50707,38.01977],[-78.5071,38.01975]]],[[[-78.50813,38.01926],[-78.50601,38.02018],[-78.50708,38.01864],[-78.50937,38.01939],[-78.5098,38.02127],[-78.50941,38.02162],[-78.50813,38.01926]]],[[[-78.5086,38.02036],[-78.50857,38.02042],[-78.50834,38.0202],[-78.50841,38.02015],[-78.5086,38.02036]]],[[[-78.50788,38.0205],[-78.50811,38.02072],[-78.50762,38.0203],[-78.50765,38.02028],[-78.50788,38.0205]]],[[[-78.50665,38.02079],[-78.50654,38.02068],[-78.50676,38.02052],[-78.50686,38.02062],[-78.50665,38.02079]]],[[[-78.50694,38.02107],[-78.50715,38.0209],[-78.50718,38.02092],[-78.50696,38.02109],[-78.50694,38.02107]]],[[[-78.50771,38.02114],[-78.50833,38.02073],[-78.50873,38.02079],[-78.50916,38.02183],[-78.50771,38.02114]]],[[[-78.52078,38.02134],[-78.5211,38.02111],[-78.52132,38.02117],[-78.52043,38.02152],[-78.52078,38.02134]]],[[[-78.49933,38.02075],[-78.50178,38.02186],[-78.50339,38.02359],[-78.50021,38.0223],[-78.49933,38.02075]]],[[[-78.4975,38.02528],[-78.49578,38.02525],[-78.49806,38.02217],[-78.49834,38.02459],[-78.4975,38.02528]]],[[[-78.50275,38.02627],[-78.50302,38.027],[-78.50261,38.02709],[-78.50198,38.02638],[-78.50275,38.02627]]],[[[-78.50072,38.02862],[-78.50046,38.02904],[-78.50023,38.02841],[-78.50062,38.02832],[-78.50072,38.02862]]],[[[-78.49974,38.0326],[-78.49971,38.03264],[-78.49964,38.03267],[-78.49971,38.0325],[-78.49974,38.0326]]],[[[-78.49379,38.01624],[-78.49353,38.01652],[-78.49341,38.01652],[-78.4935,38.01615],[-78.49379,38.01624]]],[[[-78.495,38.01713],[-78.49339,38.01802],[-78.49284,38.01562],[-78.49942,38.01462],[-78.495,38.01713]]],[[[-78.49342,38.01661],[-78.49337,38.01663],[-78.49336,38.01662],[-78.49337,38.01658],[-78.49342,38.01661]]],[[[-78.48778,38.01795],[-78.48676,38.0169],[-78.48716,38.01651],[-78.48856,38.01761],[-78.48778,38.01795]]],[[[-78.48921,38.01784],[-78.48841,38.01699],[-78.49068,38.01734],[-78.48995,38.01888],[-78.48921,38.01784]]],[[[-78.4952,38.01794],[-78.49535,38.01801],[-78.4952,38.01817],[-78.49506,38.01809],[-78.4952,38.01794]]],[[[-78.48896,38.01833],[-78.48852,38.0183],[-78.48896,38.01831],[-78.48896,38.01833]]],[[[-78.48941,38.01846],[-78.48945,38.0186],[-78.48928,38.01859],[-78.48929,38.01836],[-78.48941,38.01846]]],[[[-78.49354,38.01822],[-78.4934,38.01885],[-78.49332,38.0189],[-78.49337,38.01813],[-78.49354,38.01822]]],[[[-78.48894,38.01856],[-78.48919,38.0186],[-78.48905,38.0188],[-78.4888,38.01863],[-78.48894,38.01856]]],[[[-78.49471,38.02122],[-78.49444,38.02104],[-78.4953,38.02151],[-78.49499,38.0214],[-78.49471,38.02122]]],[[[-78.48754,38.02334],[-78.48788,38.0226],[-78.48813,38.02262],[-78.48779,38.02326],[-78.48754,38.02334]]],[[[-78.49221,38.02562],[-78.49099,38.02721],[-78.48918,38.02589],[-78.49111,38.0247],[-78.49221,38.02562]]],[[[-78.48826,38.03045],[-78.48803,38.03037],[-78.4887,38.03054],[-78.48867,38.03058],[-78.48826,38.03045]]],[[[-78.4942,38.03053],[-78.49463,38.03067],[-78.4942,38.03054],[-78.4942,38.03053]]],[[[-78.49403,38.03095],[-78.49371,38.03056],[-78.49454,38.03079],[-78.49443,38.03087],[-78.49401,38.03097],[-78.49391,38.03096],[-78.49403,38.03095]]],[[[-78.49431,38.03106],[-78.49412,38.03104],[-78.49441,38.03097],[-78.49431,38.03106]]],[[[-78.48849,38.03167],[-78.48874,38.03129],[-78.48917,38.0318],[-78.48864,38.03191],[-78.48849,38.03167]]],[[[-78.49659,38.03178],[-78.49717,38.03194],[-78.49747,38.03205],[-78.49652,38.0318],[-78.49659,38.03178]]],[[[-78.48859,38.03204],[-78.48864,38.03191],[-78.48946,38.03211],[-78.48937,38.03234],[-78.48859,38.03204]]],[[[-78.49174,38.03244],[-78.49161,38.03247],[-78.49153,38.03243],[-78.49158,38.03236],[-78.49174,38.03244]]],[[[-78.48962,38.03307],[-78.49044,38.03255],[-78.49049,38.03259],[-78.48962,38.03314],[-78.48962,38.03307]]],[[[-78.48942,38.03379],[-78.48971,38.03339],[-78.49015,38.03349],[-78.49008,38.03373],[-78.48942,38.03379]]],[[[-78.48872,38.03393],[-78.48957,38.03342],[-78.48933,38.0337],[-78.48872,38.03393]]],[[[-78.49548,38.03765],[-78.49518,38.03669],[-78.49658,38.03717],[-78.49621,38.0379],[-78.49548,38.03765]]],[[[-78.49121,38.03938],[-78.49212,38.04189],[-78.48914,38.04185],[-78.48941,38.04078],[-78.49121,38.03938]]],[[[-78.49076,38.04431],[-78.49108,38.04369],[-78.49175,38.04464],[-78.4908,38.04504],[-78.49076,38.04431]]],[[[-78.49366,38.0569],[-78.49136,38.05684],[-78.4895,38.05651],[-78.49494,38.05478],[-78.49366,38.0569]]],[[[-78.48758,38.0573],[-78.48719,38.05768],[-78.48663,38.05762],[-78.48701,38.05724],[-78.48758,38.0573]]],[[[-78.48692,38.05681],[-78.48843,38.05695],[-78.48837,38.05739],[-78.48676,38.05685],[-78.48621,38.0582],[-78.48588,38.05768],[-78.48672,38.05679],[-78.48692,38.05681]]],[[[-78.48728,38.05796],[-78.48718,38.05801],[-78.48699,38.05779],[-78.48719,38.0578],[-78.48728,38.05796]]],[[[-78.48811,38.05783],[-78.4854,38.06256],[-78.48094,38.06645],[-78.48,38.06502],[-78.48811,38.05783]]],[[[-78.48006,38.01142],[-78.47834,38.01531],[-78.47507,38.0143],[-78.47862,38.01374],[-78.48006,38.01142]]],[[[-78.48281,38.01371],[-78.48274,38.01294],[-78.4832,38.01274],[-78.48333,38.01393],[-78.48281,38.01371]]],[[[-78.48388,38.01512],[-78.48523,38.01594],[-78.48501,38.01626],[-78.48285,38.01522],[-78.48388,38.01512]]],[[[-78.48257,38.01557],[-78.48274,38.01536],[-78.48278,38.01574],[-78.48254,38.01562],[-78.48257,38.01557]]],[[[-78.48322,38.01607],[-78.48316,38.01609],[-78.48322,38.01601],[-78.48327,38.01603],[-78.48322,38.01607]]],[[[-78.47822,38.01583],[-78.4788,38.01609],[-78.47869,38.01688],[-78.47808,38.01623],[-78.47822,38.01583]]],[[[-78.48421,38.0169],[-78.48403,38.01716],[-78.48452,38.01647],[-78.48432,38.01676],[-78.48421,38.0169]]],[[[-78.47847,38.01694],[-78.47837,38.01732],[-78.47799,38.01715],[-78.47826,38.01722],[-78.47847,38.01694]]],[[[-78.48072,38.01925],[-78.4814,38.01826],[-78.4824,38.01873],[-78.48169,38.01969],[-78.48072,38.01925]]],[[[-78.48419,38.02454],[-78.48446,38.02403],[-78.48513,38.02426],[-78.48485,38.02477],[-78.48419,38.02454]]],[[[-78.48572,38.0235],[-78.48727,38.02456],[-78.48613,38.02702],[-78.48413,38.02633],[-78.48572,38.0235]]],[[[-78.48406,38.02731],[-78.48409,38.02641],[-78.48497,38.02672],[-78.48454,38.02748],[-78.48406,38.02731]]],[[[-78.48682,38.02955],[-78.48693,38.02996],[-78.48566,38.02953],[-78.48591,38.02912],[-78.48682,38.02955]]],[[[-78.48015,38.03203],[-78.48045,38.03139],[-78.48106,38.03158],[-78.48079,38.03222],[-78.48015,38.03203]]],[[[-78.48004,38.03199],[-78.47974,38.03191],[-78.47988,38.03163],[-78.48017,38.03171],[-78.48004,38.03199]]],[[[-78.47786,38.03214],[-78.47709,38.0319],[-78.47737,38.03133],[-78.4784,38.03166],[-78.47786,38.03214]]],[[[-78.48219,38.03257],[-78.48167,38.03253],[-78.48193,38.03184],[-78.48259,38.03204],[-78.48219,38.03257]]],[[[-78.47865,38.03255],[-78.4784,38.0331],[-78.47792,38.03296],[-78.47819,38.03241],[-78.47865,38.03255]]],[[[-78.48179,38.03337],[-78.48134,38.03321],[-78.48164,38.03262],[-78.48208,38.03275],[-78.48179,38.03337]]],[[[-78.47989,38.03643],[-78.48363,38.03381],[-78.48482,38.03459],[-78.47722,38.04066],[-78.47989,38.03643]]],[[[-78.48516,38.04213],[-78.48522,38.04203],[-78.48605,38.04213],[-78.48465,38.04222],[-78.48466,38.04199],[-78.48516,38.04213]]],[[[-78.47846,38.04269],[-78.47857,38.04236],[-78.47919,38.04267],[-78.47886,38.04289],[-78.47846,38.04269]]],[[[-78.48093,38.0441],[-78.48074,38.04239],[-78.48232,38.0422],[-78.48255,38.04382],[-78.48093,38.0441]]],[[[-78.4824,38.04803],[-78.48237,38.0523],[-78.482,38.05245],[-78.48025,38.04802],[-78.4824,38.04803]]],[[[-78.4799,38.05387],[-78.47431,38.05055],[-78.47777,38.04658],[-78.48289,38.05508],[-78.4799,38.05387]]],[[[-78.46949,38.01171],[-78.47086,38.01174],[-78.47102,38.01216],[-78.46949,38.01258],[-78.46949,38.01171]]],[[[-78.4756,38.0156],[-78.47539,38.01513],[-78.47685,38.0154],[-78.47777,38.01602],[-78.4756,38.0156]],[[-78.47612,38.01535],[-78.47608,38.01556],[-78.47671,38.01562],[-78.47674,38.01542],[-78.47612,38.01535]]],[[[-78.47815,38.01582],[-78.47787,38.0159],[-78.47757,38.01579],[-78.47779,38.0158],[-78.47815,38.01582]]],[[[-78.46999,38.01686],[-78.46949,38.01589],[-78.4717,38.01716],[-78.46983,38.01744],[-78.46999,38.01686]]],[[[-78.47773,38.01703],[-78.47722,38.0168],[-78.47749,38.01643],[-78.47788,38.01701],[-78.47773,38.01703]]],[[[-78.47267,38.02782],[-78.47301,38.02779],[-78.47236,38.02785],[-78.47034,38.02608],[-78.47047,38.02589],[-78.47267,38.02782]]],[[[-78.47713,38.02745],[-78.47707,38.02733],[-78.47705,38.02727],[-78.4772,38.02733],[-78.47713,38.02745]]],[[[-78.47658,38.02889],[-78.47661,38.02878],[-78.47815,38.02893],[-78.47551,38.0296],[-78.47658,38.02889]]],[[[-78.47448,38.03001],[-78.47422,38.02992],[-78.47483,38.02949],[-78.47466,38.02975],[-78.47448,38.03001]]],[[[-78.47532,38.02973],[-78.47598,38.02998],[-78.47586,38.03021],[-78.47512,38.02992],[-78.47532,38.02973]]],[[[-78.47677,38.0301],[-78.47705,38.0295],[-78.47775,38.02971],[-78.47746,38.03031],[-78.47677,38.0301]]],[[[-78.47652,38.03022],[-78.4764,38.03048],[-78.47592,38.03034],[-78.47609,38.03002],[-78.47652,38.03022]]],[[[-78.47384,38.03087],[-78.4736,38.03079],[-78.47378,38.03052],[-78.47403,38.0306],[-78.47384,38.03087]]],[[[-78.47691,38.03188],[-78.47624,38.03167],[-78.47642,38.03129],[-78.47707,38.03158],[-78.47691,38.03188]]],[[[-78.47794,38.03263],[-78.47778,38.03295],[-78.47697,38.03297],[-78.47738,38.03215],[-78.47794,38.03263]]],[[[-78.47408,38.03317],[-78.47286,38.03306],[-78.47355,38.03206],[-78.47476,38.03244],[-78.47408,38.03317]]],[[[-78.47581,38.04181],[-78.47452,38.04203],[-78.47698,38.04069],[-78.47666,38.04121],[-78.47581,38.04181]]],[[[-78.47722,38.04096],[-78.47769,38.04075],[-78.47527,38.04249],[-78.47706,38.04098],[-78.47722,38.04096]]],[[[-78.47206,38.04465],[-78.4782,38.04514],[-78.47242,38.05173],[-78.47145,38.04877],[-78.47206,38.04465]]],[[[-78.47141,38.05072],[-78.47158,38.05051],[-78.47217,38.05187],[-78.47174,38.05151],[-78.47141,38.05072]]],[[[-78.47262,38.06279],[-78.46719,38.06008],[-78.46774,38.05898],[-78.47617,38.06388],[-78.47262,38.06279]]],[[[-78.47661,38.06432],[-78.47742,38.06489],[-78.47723,38.06514],[-78.4758,38.06415],[-78.47661,38.06432]]],[[[-78.46968,38.01859],[-78.46977,38.01859],[-78.46956,38.01892],[-78.46949,38.01885],[-78.46968,38.01859]]],[[[-78.46956,38.02013],[-78.46971,38.02025],[-78.46942,38.02001],[-78.46956,38.02013]]],[[[-78.47013,38.02057],[-78.46983,38.02057],[-78.46988,38.02037],[-78.47005,38.02051],[-78.47013,38.02057]]],[[[-78.46687,38.02047],[-78.46702,38.02054],[-78.46647,38.02062],[-78.46661,38.02035],[-78.46687,38.02047]]],[[[-78.46716,38.0206],[-78.46761,38.0208],[-78.46773,38.0207],[-78.46747,38.02106],[-78.46716,38.0206]]],[[[-78.46966,38.02157],[-78.46966,38.02156],[-78.46998,38.0216],[-78.46997,38.02166],[-78.46966,38.02157]]],[[[-78.46944,38.02175],[-78.46941,38.02175],[-78.46928,38.02153],[-78.46954,38.02157],[-78.46944,38.02175]]],[[[-78.46954,38.02209],[-78.46957,38.022],[-78.4698,38.02206],[-78.46971,38.02226],[-78.46954,38.02209]]],[[[-78.45539,38.02317],[-78.46023,38.02591],[-78.45387,38.02976],[-78.45225,38.02742],[-78.45539,38.02317]]],[[[-78.46471,38.02828],[-78.46417,38.02699],[-78.46657,38.0275],[-78.46601,38.02837],[-78.46471,38.02828]]],[[[-78.45826,38.03452],[-78.45818,38.03564],[-78.45726,38.0352],[-78.45826,38.03452]]],[[[-78.46525,38.04174],[-78.46687,38.04031],[-78.46988,38.04218],[-78.46932,38.04322],[-78.46525,38.04174]]],[[[-78.45485,38.04426],[-78.4548,38.04366],[-78.45508,38.04353],[-78.45522,38.04409],[-78.45485,38.04426]]],[[[-78.45979,38.04471],[-78.45975,38.04481],[-78.45907,38.04444],[-78.45936,38.04425],[-78.46005,38.04459],[-78.45979,38.04471]]],[[[-78.46128,38.04417],[-78.4615,38.04954],[-78.45664,38.04755],[-78.45702,38.05546],[-78.4494,38.05884],[-78.4476,38.04589],[-78.45715,38.04666],[-78.46128,38.04417]]],[[[-78.46367,38.04655],[-78.46206,38.0452],[-78.4645,38.0457],[-78.46507,38.04822],[-78.46367,38.04655]]],[[[-78.46444,38.04837],[-78.46399,38.04953],[-78.46348,38.04952],[-78.46364,38.04869],[-78.46444,38.04837]]],[[[-78.46029,38.04958],[-78.46031,38.0495],[-78.46055,38.04957],[-78.46052,38.04957],[-78.46029,38.04958]]],[[[-78.45845,38.04965],[-78.45956,38.04953],[-78.46006,38.04958],[-78.45956,38.0496],[-78.45845,38.04965]]]]}},{"type":"Feature","properties":{"zone":"CX-3","color":"#BC7562"},"geometry":{"type":"MultiPolygon","coordinates":[[[[-78.49369,38.02812],[-78.49519,38.02846],[-78.49518,38.02878],[-78.49293,38.02834],[-78.49369,38.02812]]],[[[-78.49433,38.02885],[-78.49502,38.02946],[-78.49224,38.02865],[-78.49249,38.02835],[-78.49433,38.02885]]],[[[-78.49559,38.02956],[-78.4954,38.0289],[-78.49628,38.02907],[-78.4964,38.02939],[-78.49623,38.02942],[-78.49571,38.02954],[-78.49559,38.02956]],[[-78.49607,38.02935],[-78.49604,38.02927],[-78.4961,38.02945],[-78.49607,38.02935]],[[-78.49586,38.0293],[-78.49582,38.02917],[-78.49592,38.02949],[-78.49586,38.0293]],[[-78.496,38.02913],[-78.49582,38.02917],[-78.49582,38.02917],[-78.496,38.02913]]],[[[-78.49485,38.03033],[-78.49441,38.0302],[-78.49466,38.02945],[-78.49495,38.02955],[-78.49485,38.03033]]],[[[-78.49552,38.02993],[-78.4951,38.03018],[-78.49507,38.02963],[-78.49539,38.02967],[-78.49552,38.02993]]],[[[-78.4942,38.03053],[-78.49432,38.03026],[-78.49481,38.0304],[-78.49463,38.03067],[-78.4942,38.03053]]],[[[-78.4956,38.03026],[-78.4956,38.03056],[-78.49467,38.03084],[-78.49506,38.03031],[-78.4956,38.03026]]],[[[-78.50025,38.03469],[-78.49989,38.03534],[-78.49969,38.03418],[-78.50012,38.03443],[-78.50025,38.03469]]],[[[-78.50084,38.03534],[-78.50034,38.03618],[-78.5,38.03611],[-78.50029,38.03471],[-78.50084,38.03534]]],[[[-78.50076,38.03566],[-78.50139,38.03603],[-78.50115,38.03646],[-78.50044,38.03619],[-78.50076,38.03566]]],[[[-78.49222,38.03642],[-78.4923,38.03626],[-78.49269,38.03639],[-78.49261,38.03655],[-78.49222,38.03642]]],[[[-78.50147,38.03614],[-78.5023,38.03646],[-78.50198,38.03701],[-78.50112,38.03675],[-78.50147,38.03614]]],[[[-78.49251,38.03674],[-78.49223,38.03727],[-78.49159,38.03707],[-78.49218,38.0365],[-78.49251,38.03674]]],[[[-78.4915,38.03888],[-78.49169,38.03871],[-78.49248,38.03889],[-78.49236,38.03915],[-78.4915,38.03888]]],[[[-78.48892,38.02603],[-78.49019,38.02686],[-78.49005,38.02709],[-78.48809,38.02718],[-78.48892,38.02603]]],[[[-78.49228,38.02763],[-78.49206,38.0279],[-78.49099,38.02721],[-78.49136,38.02665],[-78.49228,38.02763]]],[[[-78.4908,38.02726],[-78.4904,38.02807],[-78.49007,38.02796],[-78.49033,38.02694],[-78.4908,38.02726]]],[[[-78.49146,38.0277],[-78.49126,38.02802],[-78.49069,38.02781],[-78.49098,38.02739],[-78.49146,38.0277]]],[[[-78.49126,38.02816],[-78.49155,38.02776],[-78.49238,38.02831],[-78.49215,38.02859],[-78.49126,38.02816]]],[[[-78.48849,38.03587],[-78.4879,38.03636],[-78.48678,38.03562],[-78.48714,38.03531],[-78.48729,38.03519],[-78.48772,38.03481],[-78.48849,38.03587]],[[-78.48749,38.03556],[-78.48748,38.03555],[-78.48714,38.03531],[-78.48749,38.03556]]],[[[-78.48827,38.03623],[-78.48858,38.03591],[-78.48948,38.03668],[-78.48887,38.03715],[-78.48827,38.03623]]],[[[-78.48746,38.03668],[-78.48694,38.03683],[-78.48605,38.03625],[-78.4865,38.03582],[-78.48746,38.03668]]],[[[-78.48773,38.03669],[-78.48826,38.03712],[-78.48797,38.03751],[-78.48712,38.03696],[-78.48773,38.03669]],[[-78.48784,38.0369],[-78.48782,38.03692],[-78.48781,38.03693],[-78.48784,38.0369]]],[[[-78.48903,38.03726],[-78.48995,38.03642],[-78.49214,38.0374],[-78.49154,38.03841],[-78.48903,38.03726]]],[[[-78.4885,38.0373],[-78.48915,38.03778],[-78.48888,38.03802],[-78.48821,38.03755],[-78.4885,38.0373]]],[[[-78.49047,38.03861],[-78.49055,38.03968],[-78.48895,38.03813],[-78.48925,38.03784],[-78.49047,38.03861]]],[[[-78.4916,38.03949],[-78.49147,38.0389],[-78.49216,38.03915],[-78.49184,38.03975],[-78.4916,38.03949]]],[[[-78.48329,38.01857],[-78.48307,38.01886],[-78.48264,38.01866],[-78.48286,38.01837],[-78.48329,38.01857]]],[[[-78.48232,38.01911],[-78.48254,38.01881],[-78.48296,38.01901],[-78.48274,38.01931],[-78.48232,38.01911]]],[[[-78.48222,38.01951],[-78.4823,38.01913],[-78.48273,38.01933],[-78.48251,38.01963],[-78.48222,38.01951]]],[[[-78.48218,38.02008],[-78.48193,38.02041],[-78.4815,38.02021],[-78.48199,38.01956],[-78.48218,38.02008]]],[[[-78.47995,38.03325],[-78.47974,38.03288],[-78.48041,38.03309],[-78.48029,38.03335],[-78.47995,38.03325]]],[[[-78.48051,38.03313],[-78.48082,38.03322],[-78.48069,38.03351],[-78.48037,38.03341],[-78.48051,38.03313]]],[[[-78.48078,38.03339],[-78.48085,38.03323],[-78.48116,38.03333],[-78.48109,38.03348],[-78.48078,38.03339]]],[[[-78.48154,38.03361],[-78.48119,38.03351],[-78.48127,38.03336],[-78.48182,38.03353],[-78.48154,38.03361]]],[[[-78.48271,38.0335],[-78.483,38.03365],[-78.48286,38.03386],[-78.48238,38.03366],[-78.48271,38.0335]]],[[[-78.48191,38.03387],[-78.48188,38.03355],[-78.48227,38.03367],[-78.48219,38.03383],[-78.48191,38.03387]]],[[[-78.48627,38.03439],[-78.48574,38.03494],[-78.48531,38.03459],[-78.4857,38.03446],[-78.48627,38.03439]]],[[[-78.48598,38.03511],[-78.48634,38.03438],[-78.48785,38.03423],[-78.48643,38.03539],[-78.48598,38.03511]]],[[[-78.48517,38.0354],[-78.48499,38.03555],[-78.48426,38.0351],[-78.48495,38.03472],[-78.48517,38.0354]]],[[[-78.48548,38.0353],[-78.48615,38.03559],[-78.48569,38.03602],[-78.48512,38.03564],[-78.48548,38.0353]]],[[[-78.4836,38.04011],[-78.48334,38.04037],[-78.48245,38.03978],[-78.48272,38.03951],[-78.4836,38.04011]]],[[[-78.48478,38.04147],[-78.48465,38.04256],[-78.48412,38.04256],[-78.48415,38.04145],[-78.48478,38.04147]]],[[[-78.48463,38.04328],[-78.48463,38.04389],[-78.4841,38.04383],[-78.48414,38.0427],[-78.48463,38.04328]]],[[[-78.47581,38.02438],[-78.47595,38.02484],[-78.47499,38.02434],[-78.47517,38.02409],[-78.47581,38.02438]]],[[[-78.47563,38.02493],[-78.47564,38.0249],[-78.47599,38.02506],[-78.47582,38.02518],[-78.47563,38.02493]]],[[[-78.47755,38.02592],[-78.47793,38.02593],[-78.47779,38.02628],[-78.47741,38.0261],[-78.47755,38.02592]]],[[[-78.47806,38.02617],[-78.47812,38.02601],[-78.47836,38.02612],[-78.47815,38.02644],[-78.47806,38.02617]]],[[[-78.47761,38.02662],[-78.47722,38.02646],[-78.47744,38.02616],[-78.47778,38.02631],[-78.47761,38.02662]]],[[[-78.47731,38.02715],[-78.47696,38.02701],[-78.4769,38.02689],[-78.47753,38.02679],[-78.47731,38.02715]]],[[[-78.47674,38.02734],[-78.4767,38.02713],[-78.47687,38.02711],[-78.47698,38.02739],[-78.47674,38.02734]]],[[[-78.4771,38.03263],[-78.47754,38.03343],[-78.47631,38.03338],[-78.47698,38.03203],[-78.4771,38.03263]]],[[[-78.47867,38.03299],[-78.4784,38.0331],[-78.47865,38.03255],[-78.47886,38.03261],[-78.47867,38.03299]]],[[[-78.47897,38.03264],[-78.47963,38.03285],[-78.47941,38.03331],[-78.47871,38.03321],[-78.47897,38.03264]]],[[[-78.47845,38.03345],[-78.47804,38.03357],[-78.47765,38.03345],[-78.47788,38.03298],[-78.47845,38.03345]]],[[[-78.47666,38.03396],[-78.47644,38.03436],[-78.47598,38.03423],[-78.47628,38.03347],[-78.47723,38.03377],[-78.47666,38.03396]]],[[[-78.47656,38.03419],[-78.47664,38.034],[-78.47698,38.0341],[-78.47681,38.03446],[-78.47656,38.03419]]],[[[-78.47299,38.02031],[-78.47159,38.01983],[-78.47173,38.01881],[-78.47281,38.01888],[-78.47299,38.02031]]],[[[-78.47307,38.02093],[-78.4731,38.02061],[-78.47325,38.02067],[-78.47307,38.02093]]],[[[-78.47367,38.02103],[-78.47352,38.02123],[-78.47312,38.02104],[-78.47336,38.02072],[-78.47367,38.02103]]],[[[-78.47306,38.02117],[-78.4734,38.02121],[-78.47317,38.02153],[-78.47303,38.02145],[-78.47306,38.02117]]],[[[-78.47333,38.02176],[-78.47308,38.02209],[-78.47339,38.02264],[-78.47325,38.02258],[-78.47301,38.02192],[-78.473,38.0216],[-78.47333,38.02176]]],[[[-78.47242,38.02215],[-78.4723,38.02146],[-78.47289,38.02149],[-78.47297,38.02211],[-78.47242,38.02215]]],[[[-78.47341,38.02296],[-78.47339,38.02283],[-78.47369,38.02297],[-78.47354,38.02318],[-78.47341,38.02296]]],[[[-78.47354,38.02365],[-78.47453,38.02422],[-78.47454,38.02427],[-78.47253,38.02333],[-78.47354,38.02365]]],[[[-78.47356,38.02337],[-78.47355,38.02334],[-78.47503,38.02402],[-78.47484,38.02427],[-78.47356,38.02337]]],[[[-78.47239,38.02393],[-78.47193,38.02379],[-78.47171,38.02362],[-78.47249,38.02334],[-78.47239,38.02393]]],[[[-78.47194,38.02427],[-78.47212,38.02398],[-78.47348,38.02425],[-78.47297,38.02465],[-78.47194,38.02427]]],[[[-78.47482,38.02493],[-78.47421,38.02489],[-78.47458,38.02437],[-78.47507,38.02452],[-78.47482,38.02493]]],[[[-78.4753,38.02531],[-78.47484,38.02513],[-78.47519,38.0246],[-78.47551,38.02496],[-78.4753,38.02531]]],[[[-78.47554,38.02499],[-78.47581,38.02533],[-78.47573,38.02546],[-78.47534,38.0253],[-78.47554,38.02499]]],[[[-78.47245,38.02765],[-78.47255,38.02746],[-78.47274,38.0276],[-78.47257,38.02775],[-78.47245,38.02765]]],[[[-78.47259,38.02776],[-78.47274,38.0276],[-78.47281,38.02765],[-78.47264,38.02779],[-78.47259,38.02776]]],[[[-78.4727,38.02784],[-78.47264,38.02779],[-78.47287,38.0277],[-78.4727,38.02784]]],[[[-78.47288,38.0277],[-78.47278,38.0279],[-78.4727,38.02784],[-78.47287,38.0277],[-78.47288,38.0277]]],[[[-78.47599,38.03374],[-78.47578,38.0343],[-78.47422,38.03385],[-78.47448,38.03328],[-78.47599,38.03374]]],[[[-78.47075,38.02301],[-78.47039,38.02231],[-78.47158,38.02296],[-78.47103,38.02315],[-78.47075,38.02301]],[[-78.47071,38.02281],[-78.47071,38.02281],[-78.47072,38.02285],[-78.47071,38.02281]]],[[[-78.47176,38.02292],[-78.47157,38.02355],[-78.47105,38.02316],[-78.47159,38.02298],[-78.47176,38.02292]]],[[[-78.47228,38.02302],[-78.47238,38.02327],[-78.472,38.0234],[-78.4719,38.02315],[-78.47228,38.02302]]],[[[-78.47087,38.02357],[-78.4696,38.02459],[-78.46888,38.024],[-78.47015,38.02286],[-78.47087,38.02357]]],[[[-78.47186,38.02385],[-78.47183,38.02414],[-78.4709,38.02378],[-78.47118,38.02337],[-78.47186,38.02385]]],[[[-78.47114,38.02639],[-78.47166,38.02678],[-78.47205,38.02708],[-78.47235,38.02731],[-78.47114,38.02639]]],[[[-78.4723,38.02727],[-78.4723,38.02727],[-78.4723,38.02727],[-78.4723,38.02727]]],[[[-78.47135,38.02877],[-78.47177,38.02892],[-78.47148,38.0294],[-78.47107,38.02926],[-78.47135,38.02877]]],[[[-78.47051,38.02981],[-78.4708,38.02929],[-78.47143,38.02951],[-78.47113,38.03004],[-78.47051,38.02981]]],[[[-78.47133,38.03004],[-78.47174,38.03019],[-78.47139,38.03082],[-78.47097,38.03067],[-78.47133,38.03004]]],[[[-78.4707,38.03336],[-78.47041,38.03323],[-78.4709,38.03251],[-78.47114,38.03271],[-78.4707,38.03336]]],[[[-78.46842,38.01797],[-78.46812,38.01781],[-78.46836,38.01748],[-78.46886,38.01777],[-78.46842,38.01797]]],[[[-78.46692,38.02091],[-78.46697,38.02084],[-78.46755,38.02122],[-78.46679,38.02111],[-78.46692,38.02091]]],[[[-78.46576,38.02089],[-78.46854,38.02204],[-78.46994,38.02277],[-78.46217,38.02246],[-78.46576,38.02089]]],[[[-78.46835,38.02141],[-78.46932,38.02184],[-78.46951,38.02233],[-78.46759,38.02146],[-78.46835,38.02141]]],[[[-78.46998,38.02255],[-78.46962,38.02225],[-78.46977,38.02212],[-78.47024,38.02224],[-78.46998,38.02255]]],[[[-78.46356,38.03219],[-78.46294,38.0322],[-78.46334,38.03161],[-78.46381,38.0318],[-78.46356,38.03219]]],[[[-78.46256,38.03282],[-78.46118,38.03348],[-78.46087,38.03306],[-78.46333,38.03245],[-78.46256,38.03282]]],[[[-78.47055,38.03268],[-78.47046,38.0328],[-78.47001,38.0326],[-78.47027,38.03222],[-78.47055,38.03268]]],[[[-78.46056,38.03384],[-78.4595,38.03476],[-78.45855,38.03431],[-78.45952,38.03332],[-78.46056,38.03384]]]]}},{"type":"Feature","properties":{"zone":"CX-5","color":"#954B37"},"geometry":{"type":"MultiPolygon","coordinates":[[[[-78.51653,38.02486],[-78.51708,38.02471],[-78.51709,38.02527],[-78.51653,38.02527],[-78.51653,38.02486]]],[[[-78.52049,38.02537],[-78.52062,38.02602],[-78.5188,38.02586],[-78.51878,38.02529],[-78.52049,38.02537]]],[[[-78.51762,38.02586],[-78.51654,38.02586],[-78.51653,38.0253],[-78.51795,38.0253],[-78.51762,38.02586]]],[[[-78.52076,38.02519],[-78.52224,38.02535],[-78.52237,38.02615],[-78.5209,38.02604],[-78.52076,38.02519]]],[[[-78.52317,38.0256],[-78.52309,38.02627],[-78.52257,38.02619],[-78.52243,38.0253],[-78.52317,38.0256]]],[[[-78.51813,38.02586],[-78.51812,38.0253],[-78.51864,38.0253],[-78.51866,38.02586],[-78.51813,38.02586]]],[[[-78.51571,38.02531],[-78.51639,38.0253],[-78.5164,38.02587],[-78.5157,38.02586],[-78.51571,38.02531]]],[[[-78.51954,38.02652],[-78.51886,38.02679],[-78.51881,38.02601],[-78.51951,38.02608],[-78.51954,38.02652]],[[-78.51917,38.02633],[-78.51917,38.02633],[-78.51916,38.02604],[-78.51917,38.02633]]],[[[-78.52005,38.0263],[-78.52008,38.02674],[-78.51969,38.02675],[-78.51965,38.0261],[-78.52005,38.0263]]],[[[-78.51831,38.026],[-78.51871,38.02656],[-78.51655,38.02656],[-78.51653,38.026],[-78.51831,38.026]]],[[[-78.51639,38.02659],[-78.51639,38.02717],[-78.51547,38.02659],[-78.51639,38.026],[-78.51639,38.02659]]],[[[-78.51639,38.0249],[-78.51639,38.02527],[-78.51516,38.02529],[-78.51639,38.0249]]],[[[-78.51437,38.02597],[-78.51337,38.0263],[-78.51308,38.026],[-78.51419,38.02565],[-78.51437,38.02597]]],[[[-78.51195,38.02715],[-78.5106,38.02684],[-78.51329,38.02634],[-78.51253,38.0268],[-78.51195,38.02715]]],[[[-78.5146,38.0267],[-78.51429,38.0272],[-78.51359,38.02645],[-78.5141,38.02671],[-78.5146,38.0267]]],[[[-78.51326,38.02739],[-78.51293,38.0279],[-78.51256,38.02704],[-78.5128,38.02689],[-78.51326,38.02739]]],[[[-78.5133,38.02721],[-78.51345,38.0265],[-78.5142,38.02729],[-78.51374,38.02761],[-78.5133,38.02721]]],[[[-78.51118,38.02762],[-78.51064,38.02796],[-78.50983,38.02705],[-78.51046,38.02686],[-78.51118,38.02762]]],[[[-78.51269,38.02783],[-78.51226,38.02823],[-78.51145,38.02773],[-78.51245,38.02711],[-78.51269,38.02783]]],[[[-78.51045,38.02808],[-78.51003,38.02834],[-78.50922,38.02738],[-78.50977,38.02708],[-78.50961,38.0275],[-78.51001,38.0276],[-78.51003,38.02761],[-78.51053,38.02803],[-78.51045,38.02808]],[[-78.51011,38.02808],[-78.51001,38.028],[-78.51036,38.02789],[-78.51011,38.02808]]],[[[-78.51161,38.02838],[-78.51044,38.0297],[-78.50986,38.02946],[-78.51108,38.02795],[-78.51161,38.02838]]],[[[-78.51108,38.04156],[-78.51129,38.04229],[-78.50979,38.04148],[-78.5109,38.04136],[-78.51108,38.04156]]],[[[-78.5109,38.04293],[-78.51076,38.04346],[-78.50935,38.04236],[-78.50988,38.04177],[-78.50997,38.04182],[-78.51078,38.04227],[-78.5109,38.04293]],[[-78.50987,38.04235],[-78.50975,38.04248],[-78.51022,38.04196],[-78.50987,38.04235]]],[[[-78.51287,38.04325],[-78.51209,38.04274],[-78.51238,38.04243],[-78.51322,38.04296],[-78.51287,38.04325]]],[[[-78.51317,38.04377],[-78.51431,38.04468],[-78.51114,38.04363],[-78.51183,38.04287],[-78.51317,38.04377]]],[[[-78.50971,38.02829],[-78.50923,38.02921],[-78.50837,38.02869],[-78.50912,38.02791],[-78.50971,38.02829]]],[[[-78.50834,38.0306],[-78.50796,38.03],[-78.50858,38.02892],[-78.50916,38.02927],[-78.50834,38.0306]]],[[[-78.50973,38.02892],[-78.50964,38.02922],[-78.50995,38.02978],[-78.50846,38.03088],[-78.50973,38.02892]]],[[[-78.50789,38.03133],[-78.50694,38.03202],[-78.50667,38.0319],[-78.50804,38.03035],[-78.50789,38.03133]]],[[[-78.50628,38.03168],[-78.50643,38.03201],[-78.50583,38.032],[-78.50586,38.0315],[-78.50628,38.03168]]],[[[-78.49058,38.03246],[-78.49083,38.03181],[-78.49165,38.032],[-78.49044,38.03255],[-78.49058,38.03246]]],[[[-78.49963,38.03438],[-78.49971,38.03482],[-78.49931,38.03473],[-78.49952,38.03436],[-78.49963,38.03438]]],[[[-78.49216,38.03915],[-78.4923,38.0392],[-78.4919,38.03982],[-78.49184,38.03975],[-78.49216,38.03915]]],[[[-78.50876,38.04006],[-78.50918,38.04015],[-78.50862,38.04083],[-78.50827,38.04063],[-78.50876,38.04006]]],[[[-78.50933,38.04031],[-78.50998,38.04028],[-78.50962,38.04139],[-78.50869,38.04087],[-78.50933,38.04031]]],[[[-78.50554,38.04113],[-78.50582,38.0407],[-78.5062,38.04088],[-78.50601,38.04136],[-78.50554,38.04113]]],[[[-78.50424,38.04344],[-78.5053,38.0434],[-78.50498,38.0443],[-78.5041,38.0441],[-78.50424,38.04344]]],[[[-78.49265,38.06342],[-78.49226,38.06301],[-78.49262,38.06261],[-78.4929,38.06319],[-78.49265,38.06342]]],[[[-78.49368,38.06335],[-78.49488,38.06331],[-78.49419,38.06458],[-78.4927,38.0636],[-78.49368,38.06335]]],[[[-78.49508,38.06519],[-78.49435,38.06467],[-78.49638,38.06437],[-78.49509,38.06518],[-78.49508,38.06519]]],[[[-78.47349,38.02806],[-78.47342,38.02875],[-78.46888,38.02691],[-78.46826,38.02564],[-78.47349,38.02806]]],[[[-78.47259,38.029],[-78.47222,38.02841],[-78.47337,38.0289],[-78.47296,38.02947],[-78.47189,38.02902],[-78.47259,38.029]]],[[[-78.47294,38.0295],[-78.47273,38.0298],[-78.4717,38.02937],[-78.47187,38.02906],[-78.47294,38.0295]]],[[[-78.48619,38.02992],[-78.48658,38.03055],[-78.48537,38.03025],[-78.48559,38.02974],[-78.48619,38.02992]]],[[[-78.48748,38.03026],[-78.48762,38.03081],[-78.48669,38.03057],[-78.48689,38.03012],[-78.48748,38.03026]]],[[[-78.48975,38.03102],[-78.48965,38.03134],[-78.48773,38.03084],[-78.48798,38.03045],[-78.48975,38.03102]]],[[[-78.48624,38.03065],[-78.48647,38.03071],[-78.48638,38.03094],[-78.48616,38.03089],[-78.48624,38.03065]]],[[[-78.48749,38.03097],[-78.4881,38.0317],[-78.48631,38.03142],[-78.4866,38.03075],[-78.48749,38.03097]]],[[[-78.4882,38.03166],[-78.48836,38.03124],[-78.48859,38.0313],[-78.48843,38.03175],[-78.4882,38.03166]]],[[[-78.48968,38.03152],[-78.48959,38.03174],[-78.48868,38.03168],[-78.48882,38.03131],[-78.48968,38.03152]]],[[[-78.49011,38.03162],[-78.49007,38.03199],[-78.48961,38.03188],[-78.48975,38.03154],[-78.49011,38.03162]]],[[[-78.49027,38.03166],[-78.49073,38.03178],[-78.49062,38.03208],[-78.49015,38.03197],[-78.49027,38.03166]]],[[[-78.4768,38.03199],[-78.47642,38.03286],[-78.47556,38.0326],[-78.47597,38.03173],[-78.4768,38.03199]]],[[[-78.49005,38.03227],[-78.49014,38.03201],[-78.49061,38.03212],[-78.4905,38.03237],[-78.49005,38.03227]]],[[[-78.47514,38.03345],[-78.47549,38.03271],[-78.47634,38.03298],[-78.476,38.0337],[-78.47514,38.03345]]],[[[-78.4806,38.03586],[-78.48038,38.0352],[-78.48191,38.03514],[-78.48133,38.03545],[-78.4806,38.03586]]],[[[-78.46867,38.02676],[-78.46756,38.02631],[-78.46844,38.02429],[-78.46814,38.02574],[-78.46867,38.02676]]],[[[-78.4698,38.02742],[-78.46885,38.02805],[-78.46718,38.02689],[-78.46756,38.02652],[-78.4698,38.02742]]],[[[-78.46975,38.02785],[-78.47004,38.02752],[-78.47209,38.02836],[-78.47179,38.02889],[-78.46975,38.02785]]],[[[-78.47221,38.03051],[-78.47144,38.03084],[-78.47163,38.0295],[-78.47263,38.02992],[-78.47221,38.03051]]],[[[-78.47112,38.03084],[-78.47114,38.03122],[-78.47074,38.0311],[-78.47093,38.03077],[-78.47112,38.03084]]],[[[-78.4713,38.03106],[-78.47138,38.03093],[-78.4718,38.03108],[-78.4717,38.0312],[-78.4713,38.03106]]],[[[-78.47055,38.03109],[-78.47021,38.0317],[-78.46779,38.03194],[-78.46743,38.03195],[-78.46709,38.03193],[-78.47055,38.03109]]],[[[-78.47075,38.03239],[-78.47016,38.03213],[-78.4698,38.03197],[-78.47119,38.03174],[-78.47075,38.03239]]],[[[-78.46871,38.03252],[-78.46883,38.03198],[-78.46965,38.0319],[-78.46911,38.03268],[-78.46871,38.03252]]],[[[-78.47024,38.0322],[-78.47006,38.03247],[-78.4696,38.03227],[-78.46978,38.032],[-78.47024,38.0322]]],[[[-78.46659,38.02659],[-78.46683,38.02621],[-78.46728,38.02639],[-78.46703,38.02677],[-78.46659,38.02659]]],[[[-78.46576,38.03099],[-78.46701,38.03153],[-78.46695,38.03192],[-78.46483,38.03055],[-78.46576,38.03099]]],[[[-78.46484,38.03196],[-78.4637,38.03221],[-78.46468,38.03072],[-78.46517,38.03187],[-78.46484,38.03196]]],[[[-78.46602,38.03234],[-78.46559,38.03232],[-78.46582,38.03192],[-78.46626,38.03198],[-78.46602,38.03234]]],[[[-78.46582,38.03192],[-78.46369,38.03316],[-78.46291,38.0328],[-78.46412,38.03224],[-78.46582,38.03192]]],[[[-78.46844,38.03229],[-78.46838,38.03238],[-78.468,38.03222],[-78.46864,38.032],[-78.46844,38.03229]]],[[[-78.46755,38.03269],[-78.46718,38.03253],[-78.46625,38.03225],[-78.46795,38.03204],[-78.46755,38.03269]]],[[[-78.465,38.03651],[-78.46437,38.03697],[-78.46303,38.03597],[-78.46391,38.03593],[-78.465,38.03651]]],[[[-78.46483,38.06486],[-78.4646,38.06458],[-78.46518,38.06471],[-78.46506,38.06493],[-78.46483,38.06486]]],[[[-78.4662,38.06577],[-78.46692,38.06678],[-78.46635,38.06681],[-78.46535,38.06473],[-78.4662,38.06577]]],[[[-78.46686,38.06694],[-78.46716,38.0669],[-78.46745,38.06771],[-78.46696,38.06773],[-78.46686,38.06694]]],[[[-78.46266,38.03334],[-78.46228,38.03364],[-78.46167,38.03337],[-78.46323,38.03311],[-78.46266,38.03334]]],[[[-78.46197,38.03386],[-78.46188,38.03416],[-78.46109,38.03371],[-78.46157,38.03342],[-78.46197,38.03386]]],[[[-78.46103,38.03465],[-78.46046,38.0342],[-78.46096,38.0338],[-78.46149,38.03407],[-78.46103,38.03465]]],[[[-78.4613,38.03501],[-78.4613,38.03533],[-78.46064,38.03515],[-78.46106,38.03483],[-78.4613,38.03501]]],[[[-78.4611,38.03559],[-78.46056,38.03536],[-78.46061,38.03519],[-78.46132,38.03541],[-78.4611,38.03559]]],[[[-78.46209,38.03665],[-78.4618,38.0369],[-78.46049,38.03632],[-78.46106,38.03584],[-78.46209,38.03665]]],[[[-78.46255,38.03642],[-78.46374,38.03698],[-78.46403,38.0373],[-78.46208,38.03687],[-78.46255,38.03642]]]]}},{"type":"Feature","properties":{"zone":"CX-8","color":"#683527"},"geometry":{"type":"MultiPolygon","coordinates":[[[[-78.50481,38.01014],[-78.5025,38.01195],[-78.50123,38.01155],[-78.50345,38.01006],[-78.50481,38.01014]]],[[[-78.50525,38.01178],[-78.50246,38.01469],[-78.50042,38.01437],[-78.50698,38.01078],[-78.50525,38.01178]]],[[[-78.51515,38.02582],[-78.51506,38.02532],[-78.51571,38.02531],[-78.5157,38.02586],[-78.51515,38.02582]]],[[[-78.51474,38.02583],[-78.51437,38.02597],[-78.51419,38.02565],[-78.51483,38.02545],[-78.51474,38.02583]]],[[[-78.51531,38.02603],[-78.51575,38.026],[-78.51576,38.02659],[-78.51547,38.02659],[-78.51531,38.02603]]],[[[-78.51504,38.02603],[-78.51484,38.02694],[-78.51379,38.02638],[-78.5149,38.02602],[-78.51504,38.02603]]],[[[-78.50222,38.03105],[-78.50244,38.03081],[-78.50303,38.03095],[-78.50288,38.03146],[-78.50222,38.03105]]],[[[-78.50846,38.03088],[-78.50896,38.03099],[-78.51,38.03173],[-78.50817,38.03189],[-78.50846,38.03088]]],[[[-78.50729,38.03167],[-78.50742,38.03142],[-78.50777,38.03152],[-78.50694,38.03202],[-78.50729,38.03167]]],[[[-78.51262,38.04141],[-78.51154,38.04236],[-78.51129,38.04229],[-78.51253,38.04095],[-78.51262,38.04141]]],[[[-78.51171,38.04247],[-78.51196,38.04219],[-78.51238,38.04243],[-78.51209,38.04274],[-78.51171,38.04247]]],[[[-78.51125,38.04256],[-78.5109,38.04293],[-78.51043,38.04266],[-78.51078,38.04227],[-78.51125,38.04256]]],[[[-78.51097,38.04322],[-78.51136,38.0427],[-78.51183,38.04287],[-78.51119,38.04358],[-78.51097,38.04322]]],[[[-78.50043,38.01393],[-78.49991,38.01282],[-78.50228,38.01211],[-78.5021,38.01245],[-78.50043,38.01393]],[[-78.50142,38.01184],[-78.50136,38.01183],[-78.50136,38.01183],[-78.50142,38.01184]]],[[[-78.49663,38.03243],[-78.49641,38.03288],[-78.49604,38.0328],[-78.49626,38.03235],[-78.49663,38.03243]]],[[[-78.49689,38.03298],[-78.49641,38.03288],[-78.49664,38.03239],[-78.49709,38.03249],[-78.49689,38.03298]]],[[[-78.49673,38.03437],[-78.49677,38.03314],[-78.49746,38.03329],[-78.49707,38.03442],[-78.49673,38.03437]]],[[[-78.49666,38.03311],[-78.49647,38.03366],[-78.49629,38.03362],[-78.49648,38.03307],[-78.49666,38.03311]]],[[[-78.49806,38.03384],[-78.49787,38.03439],[-78.49723,38.03424],[-78.49756,38.0333],[-78.49806,38.03384]]],[[[-78.49917,38.0339],[-78.49918,38.03466],[-78.49885,38.0342],[-78.49812,38.03403],[-78.49917,38.0339]]],[[[-78.4961,38.03394],[-78.49625,38.03429],[-78.49557,38.03418],[-78.49569,38.03385],[-78.4961,38.03394]]],[[[-78.49872,38.0343],[-78.4986,38.03455],[-78.49798,38.03441],[-78.4981,38.03406],[-78.49872,38.0343]]],[[[-78.48104,38.02614],[-78.48046,38.02695],[-78.48221,38.02705],[-78.48163,38.02832],[-78.47914,38.02732],[-78.48104,38.02614]],[[-78.48026,38.02694],[-78.48025,38.02689],[-78.48026,38.02694],[-78.48026,38.02694]]],[[[-78.49028,38.03112],[-78.49228,38.03134],[-78.49247,38.03159],[-78.48981,38.03138],[-78.49028,38.03112]]],[[[-78.49472,38.03246],[-78.49464,38.0325],[-78.49234,38.03198],[-78.49514,38.03164],[-78.49472,38.03246]]],[[[-78.49493,38.0325],[-78.49536,38.03166],[-78.49627,38.03205],[-78.49525,38.03262],[-78.49493,38.0325]]],[[[-78.49386,38.0325],[-78.49392,38.03406],[-78.49174,38.03273],[-78.49195,38.03207],[-78.49386,38.0325]]],[[[-78.49521,38.0328],[-78.49526,38.03413],[-78.49412,38.03395],[-78.49478,38.03276],[-78.49521,38.0328]]],[[[-78.48236,38.03257],[-78.48302,38.03321],[-78.48179,38.03337],[-78.48167,38.03253],[-78.48236,38.03257]]],[[[-78.48531,38.03446],[-78.48547,38.03374],[-78.48572,38.03374],[-78.48594,38.03407],[-78.48531,38.03446]]],[[[-78.47133,38.03159],[-78.47102,38.03161],[-78.47043,38.03166],[-78.4717,38.0312],[-78.47133,38.03159]]],[[[-78.47588,38.03156],[-78.47539,38.03141],[-78.47547,38.03122],[-78.47597,38.03137],[-78.47588,38.03156]]],[[[-78.47621,38.03124],[-78.47642,38.03129],[-78.47624,38.03167],[-78.47604,38.0316],[-78.47621,38.03124]]],[[[-78.4746,38.0319],[-78.47489,38.03138],[-78.47522,38.03149],[-78.4748,38.03234],[-78.4746,38.0319]]],[[[-78.47559,38.03213],[-78.47539,38.03254],[-78.4749,38.03239],[-78.47533,38.03152],[-78.47559,38.03213]]],[[[-78.47824,38.03224],[-78.47839,38.03194],[-78.47906,38.03217],[-78.47892,38.03245],[-78.47824,38.03224]]],[[[-78.47971,38.03269],[-78.47903,38.03249],[-78.47931,38.0319],[-78.47998,38.03211],[-78.47971,38.03269]]],[[[-78.48047,38.03294],[-78.47981,38.03274],[-78.47993,38.03247],[-78.48074,38.03234],[-78.48047,38.03294]]],[[[-78.48092,38.03308],[-78.48058,38.03298],[-78.48083,38.0324],[-78.48148,38.0326],[-78.48092,38.03308]],[[-78.48093,38.0327],[-78.48087,38.03283],[-78.48087,38.03284],[-78.48093,38.0327]]],[[[-78.46106,38.03483],[-78.46043,38.03529],[-78.45981,38.0349],[-78.46032,38.03432],[-78.46106,38.03483]]],[[[-78.45921,38.03505],[-78.45864,38.03586],[-78.45818,38.03564],[-78.45889,38.03484],[-78.45921,38.03505]]],[[[-78.45938,38.03524],[-78.4596,38.03523],[-78.46089,38.03576],[-78.46031,38.0363],[-78.45938,38.03524]]]]}},{"type":"Feature","properties":{"zone":"DX","color":"#471F3A"},"geometry":{"type":"MultiPolygon","coordinates":[[[[-78.48333,38.02924],[-78.48535,38.0297],[-78.48504,38.03044],[-78.48225,38.02934],[-78.48333,38.02924]]],[[[-78.48263,38.03007],[-78.48195,38.03001],[-78.48222,38.02945],[-78.48284,38.02964],[-78.48263,38.03007]]],[[[-78.48326,38.02977],[-78.48465,38.03054],[-78.48489,38.0306],[-78.48269,38.03025],[-78.48326,38.02977]]],[[[-78.48244,38.03048],[-78.48223,38.03093],[-78.48159,38.03073],[-78.48189,38.03015],[-78.48244,38.03048]]],[[[-78.48377,38.03075],[-78.48311,38.03108],[-78.48234,38.03096],[-78.48262,38.03039],[-78.48377,38.03075]]],[[[-78.48489,38.03079],[-78.48449,38.03272],[-78.48372,38.03321],[-78.48341,38.03169],[-78.48299,38.03129],[-78.48489,38.03079]]],[[[-78.48279,38.03128],[-78.48329,38.03179],[-78.48315,38.03227],[-78.48197,38.03171],[-78.48279,38.03128]]],[[[-78.48247,38.03273],[-78.48236,38.03257],[-78.48259,38.03204],[-78.48307,38.03304],[-78.48247,38.03273]]],[[[-78.48215,38.02931],[-78.48166,38.02915],[-78.48223,38.02915],[-78.48215,38.02931]]],[[[-78.48143,38.02928],[-78.48211,38.0294],[-78.48184,38.02997],[-78.48121,38.02976],[-78.48143,38.02928]]],[[[-78.48113,38.0299],[-78.48178,38.03011],[-78.48149,38.0307],[-78.48085,38.0305],[-78.48113,38.0299]]],[[[-78.48118,38.0308],[-78.48112,38.03145],[-78.48049,38.03127],[-78.48077,38.03068],[-78.48118,38.0308]]],[[[-78.4817,38.03094],[-78.48216,38.03109],[-78.48187,38.03167],[-78.48123,38.03149],[-78.4817,38.03094]]],[[[-78.48167,38.03177],[-78.48152,38.03242],[-78.48091,38.03223],[-78.48117,38.03161],[-78.48167,38.03177]]],[[[-78.48013,38.02893],[-78.48138,38.02905],[-78.48105,38.0297],[-78.48013,38.02893]]],[[[-78.47963,38.02942],[-78.48027,38.02961],[-78.47998,38.03021],[-78.47934,38.03002],[-78.47963,38.02942]]],[[[-78.48062,38.02973],[-78.48074,38.03046],[-78.48009,38.03026],[-78.48039,38.02965],[-78.48062,38.02973]]],[[[-78.47966,38.03031],[-78.47962,38.03098],[-78.47899,38.03079],[-78.47927,38.03019],[-78.47966,38.03031]]],[[[-78.48041,38.03055],[-78.48039,38.03122],[-78.47972,38.03101],[-78.48002,38.03042],[-78.48041,38.03055]]],[[[-78.47936,38.03179],[-78.47967,38.03116],[-78.48033,38.03136],[-78.47974,38.03191],[-78.47936,38.03179]]],[[[-78.48031,38.03258],[-78.47993,38.03247],[-78.48009,38.03214],[-78.48045,38.03225],[-78.48031,38.03258]]],[[[-78.47943,38.02959],[-78.47923,38.02998],[-78.47859,38.02978],[-78.47889,38.02918],[-78.47943,38.02959]]],[[[-78.47886,38.03031],[-78.47839,38.03016],[-78.47849,38.02994],[-78.47916,38.03015],[-78.47886,38.03031]]],[[[-78.47868,38.0307],[-78.47821,38.03055],[-78.47839,38.0302],[-78.47903,38.0304],[-78.47868,38.0307]]],[[[-78.47937,38.03152],[-78.47926,38.03175],[-78.47861,38.03156],[-78.47891,38.03094],[-78.47937,38.03152]]],[[[-78.47839,38.03193],[-78.47853,38.03166],[-78.47921,38.03187],[-78.47907,38.03215],[-78.47839,38.03193]]],[[[-78.47775,38.02971],[-78.4784,38.02991],[-78.4781,38.03051],[-78.47746,38.03031],[-78.47775,38.02971]]],[[[-78.4753,38.03003],[-78.47584,38.03025],[-78.47551,38.03091],[-78.47504,38.03077],[-78.4753,38.03003]]],[[[-78.47713,38.03091],[-78.47715,38.03139],[-78.47627,38.03113],[-78.47672,38.03023],[-78.47713,38.03091]]],[[[-78.47792,38.03087],[-78.47772,38.03126],[-78.47717,38.03109],[-78.47747,38.03048],[-78.47792,38.03087]]],[[[-78.4764,38.03048],[-78.47611,38.03109],[-78.47562,38.03095],[-78.47592,38.03034],[-78.4764,38.03048]]],[[[-78.47824,38.03072],[-78.4788,38.0309],[-78.47849,38.03152],[-78.47782,38.03132],[-78.47824,38.03072]]],[[[-78.47547,38.03122],[-78.47555,38.03106],[-78.47605,38.0312],[-78.47597,38.03137],[-78.47547,38.03122]]],[[[-78.47673,38.03138],[-78.47711,38.03148],[-78.47711,38.03148],[-78.47669,38.03147],[-78.47673,38.03138]]]]}},{"type":"Feature","properties":{"zone":"IX-5","color":"#8BA4BB"},"geometry":{"type":"MultiPolygon","coordinates":[[[[-78.48277,38.03662],[-78.48277,38.0376],[-78.48171,38.03691],[-78.48271,38.03619],[-78.48277,38.03662]]],[[[-78.48353,38.03713],[-78.48394,38.03739],[-78.48366,38.03766],[-78.48326,38.03739],[-78.48353,38.03713]]],[[[-78.48231,38.03803],[-78.47965,38.04053],[-78.47777,38.04033],[-78.48166,38.03694],[-78.48231,38.03803]],[[-78.48007,38.03912],[-78.4798,38.03938],[-78.48021,38.03899],[-78.48007,38.03912]]],[[[-78.48333,38.03797],[-78.48293,38.0377],[-78.48323,38.03742],[-78.48363,38.03768],[-78.48333,38.03797]]],[[[-78.48303,38.03846],[-78.48249,38.03811],[-78.48287,38.03776],[-78.48341,38.03811],[-78.48303,38.03846]]],[[[-78.48272,38.03833],[-78.48257,38.03868],[-78.48217,38.03843],[-78.48244,38.03816],[-78.48272,38.03833]]],[[[-78.4823,38.03917],[-78.48177,38.03881],[-78.48206,38.03854],[-78.4826,38.03889],[-78.4823,38.03917]]],[[[-78.48184,38.03938],[-78.48144,38.03912],[-78.48173,38.03886],[-78.48226,38.03921],[-78.48184,38.03938]]],[[[-78.48172,38.03948],[-78.48114,38.04074],[-78.48,38.04046],[-78.48133,38.03922],[-78.48172,38.03948]]],[[[-78.47237,38.02045],[-78.47298,38.02047],[-78.47297,38.02062],[-78.47236,38.02059],[-78.47237,38.02045]]],[[[-78.47297,38.02063],[-78.47289,38.02149],[-78.4723,38.02146],[-78.47236,38.02059],[-78.47297,38.02063]]],[[[-78.47324,38.02284],[-78.47252,38.0232],[-78.4723,38.02272],[-78.47297,38.02211],[-78.47324,38.02284]]],[[[-78.46242,38.02313],[-78.46314,38.02241],[-78.46597,38.02228],[-78.46479,38.02428],[-78.46242,38.02313]]],[[[-78.45725,38.03751],[-78.45626,38.04204],[-78.45454,38.04311],[-78.45421,38.03871],[-78.45725,38.03751]]]]}},{"type":"Feature","properties":{"zone":"IX-8","color":"#6586A4"},"geometry":{"type":"MultiPolygon","coordinates":[[[[-78.4853,38.03593],[-78.48529,38.03638],[-78.48474,38.03601],[-78.48502,38.03575],[-78.4853,38.03593]]],[[[-78.48471,38.03605],[-78.48441,38.03704],[-78.48367,38.03703],[-78.48429,38.03644],[-78.48471,38.03605]]],[[[-78.48404,38.03642],[-78.48351,38.03691],[-78.48271,38.03619],[-78.48414,38.03518],[-78.48404,38.03642]]]]}},{"type":"Feature","properties":{"zone":"NX-10","color":"#642B52"},"geometry":{"type":"MultiPolygon","coordinates":[[[[-78.50574,38.04791],[-78.50764,38.04932],[-78.50897,38.05034],[-78.50404,38.04787],[-78.50574,38.04791]]],[[[-78.50486,38.05056],[-78.50604,38.04937],[-78.50821,38.05097],[-78.50541,38.05158],[-78.50486,38.05056]]],[[[-78.50389,38.04814],[-78.50593,38.04927],[-78.50043,38.05415],[-78.49929,38.05273],[-78.50389,38.04814]]],[[[-78.49964,38.05135],[-78.49976,38.05123],[-78.50014,38.05159],[-78.50001,38.0517],[-78.49964,38.05135]]],[[[-78.50411,38.05249],[-78.501,38.05466],[-78.5007,38.05437],[-78.50335,38.05198],[-78.50411,38.05249]]],[[[-78.50036,38.05441],[-78.5,38.05599],[-78.49665,38.056],[-78.49902,38.0531],[-78.50036,38.05441]]],[[[-78.49639,38.05663],[-78.4966,38.05613],[-78.49742,38.05662],[-78.4971,38.05672],[-78.49639,38.05663]]],[[[-78.49893,38.05745],[-78.49811,38.05725],[-78.49788,38.05678],[-78.49846,38.05661],[-78.49893,38.05745]]],[[[-78.49445,38.05814],[-78.49394,38.05875],[-78.49209,38.05786],[-78.49248,38.05736],[-78.49445,38.05814]]],[[[-78.49278,38.05836],[-78.49152,38.06149],[-78.48856,38.0578],[-78.49112,38.05725],[-78.49278,38.05836]]],[[[-78.49191,38.06214],[-78.49221,38.0617],[-78.4926,38.06215],[-78.49216,38.06265],[-78.49191,38.06214]]],[[[-78.48533,38.02903],[-78.48549,38.0294],[-78.4842,38.02906],[-78.48456,38.02831],[-78.48533,38.02903]]],[[[-78.48596,38.03058],[-78.48524,38.03386],[-78.4843,38.03375],[-78.48528,38.03062],[-78.48596,38.03058]]],[[[-78.48883,38.05883],[-78.48971,38.05982],[-78.48779,38.06133],[-78.48767,38.06338],[-78.4841,38.065],[-78.48609,38.06504],[-78.48094,38.06645],[-78.48883,38.05883]]],[[[-78.49035,38.06287],[-78.48951,38.06215],[-78.48799,38.06221],[-78.4899,38.06006],[-78.49035,38.06287]]],[[[-78.4903,38.06312],[-78.48953,38.06384],[-78.48801,38.06246],[-78.48958,38.0624],[-78.4903,38.06312]]],[[[-78.48945,38.06407],[-78.4881,38.06556],[-78.48663,38.06479],[-78.48777,38.06367],[-78.48945,38.06407]]],[[[-78.48754,38.06628],[-78.48509,38.06895],[-78.48284,38.06777],[-78.48365,38.06737],[-78.48641,38.065],[-78.48754,38.06628]]],[[[-78.47808,38.02685],[-78.47797,38.02642],[-78.4792,38.02696],[-78.47896,38.02726],[-78.47808,38.02685]]],[[[-78.47757,38.02766],[-78.47784,38.02693],[-78.47881,38.02739],[-78.47833,38.02803],[-78.47757,38.02766]]],[[[-78.48245,38.02733],[-78.4843,38.02822],[-78.48393,38.02896],[-78.48191,38.0284],[-78.48245,38.02733]]],[[[-78.47822,38.02848],[-78.47899,38.02749],[-78.48017,38.02804],[-78.47984,38.02877],[-78.47822,38.02848]]],[[[-78.48036,38.02812],[-78.48156,38.0285],[-78.48139,38.02897],[-78.48006,38.02874],[-78.48036,38.02812]]],[[[-78.48235,38.02891],[-78.48229,38.02904],[-78.48159,38.02897],[-78.48178,38.02856],[-78.48235,38.02891]]],[[[-78.47907,38.02884],[-78.47977,38.02892],[-78.47667,38.0287],[-78.47672,38.0286],[-78.47907,38.02884]]],[[[-78.48242,38.02901],[-78.48255,38.02877],[-78.48403,38.02919],[-78.48377,38.02916],[-78.48242,38.02901]]],[[[-78.47837,38.02901],[-78.47879,38.02915],[-78.47848,38.02975],[-78.47751,38.02935],[-78.47837,38.02901]],[[-78.47845,38.02953],[-78.47847,38.02947],[-78.47845,38.02953],[-78.47845,38.02953]]],[[[-78.47809,38.02838],[-78.47762,38.02834],[-78.47726,38.02831],[-78.47752,38.02779],[-78.47809,38.02838]]],[[[-78.47554,38.02926],[-78.47516,38.02946],[-78.47365,38.0288],[-78.47623,38.02876],[-78.47554,38.02926]]],[[[-78.47454,38.02936],[-78.4742,38.02986],[-78.4732,38.0294],[-78.47351,38.02895],[-78.47454,38.02936]]],[[[-78.47472,38.02944],[-78.47438,38.02995],[-78.47424,38.0299],[-78.47459,38.02938],[-78.47472,38.02944]]],[[[-78.47438,38.03057],[-78.47483,38.02949],[-78.47509,38.02959],[-78.47478,38.03002],[-78.47438,38.03057]]],[[[-78.47503,38.03004],[-78.47504,38.03077],[-78.4746,38.03064],[-78.47503,38.03004]]],[[[-78.47399,38.03113],[-78.47351,38.03092],[-78.47431,38.03068],[-78.47426,38.03075],[-78.47399,38.03113]]],[[[-78.47454,38.03075],[-78.47545,38.03102],[-78.47528,38.03137],[-78.4743,38.03106],[-78.47454,38.03075]],[[-78.47467,38.03094],[-78.47467,38.03094],[-78.47467,38.03093],[-78.47467,38.03094]],[[-78.47521,38.0311],[-78.47521,38.0311],[-78.47525,38.03102],[-78.47521,38.0311]]],[[[-78.47425,38.03124],[-78.47489,38.03138],[-78.47441,38.03223],[-78.4736,38.03198],[-78.47425,38.03124]]],[[[-78.47148,38.03173],[-78.4736,38.03156],[-78.47367,38.0316],[-78.47266,38.03307],[-78.47148,38.03173]]]]}},{"type":"Feature","properties":{"zone":"NX-3","color":"#BC62A1"},"geometry":{"type":"MultiPolygon","coordinates":[[[[-78.51508,38.01894],[-78.51339,38.01865],[-78.51443,38.01702],[-78.51529,38.01826],[-78.51508,38.01894]]],[[[-78.48714,38.01818],[-78.48758,38.01925],[-78.48568,38.01833],[-78.48611,38.01772],[-78.48714,38.01818]]],[[[-78.48746,38.02363],[-78.48799,38.02432],[-78.48774,38.02467],[-78.48658,38.02387],[-78.48746,38.02363]]],[[[-78.50027,38.03628],[-78.50014,38.03662],[-78.50028,38.03733],[-78.5001,38.03671],[-78.50005,38.03606],[-78.50027,38.03628]]],[[[-78.50075,38.03634],[-78.50115,38.03646],[-78.50073,38.03742],[-78.50024,38.03681],[-78.50075,38.03634]]],[[[-78.4873,38.03724],[-78.48714,38.03758],[-78.48672,38.0373],[-78.487,38.03704],[-78.4873,38.03724]]],[[[-78.48648,38.03753],[-78.48669,38.03733],[-78.48749,38.03787],[-78.48719,38.03816],[-78.48648,38.03753]]],[[[-78.48766,38.03772],[-78.48752,38.03784],[-78.48714,38.03758],[-78.48741,38.03732],[-78.48766,38.03772]]],[[[-78.50063,38.03765],[-78.50047,38.03808],[-78.50028,38.03733],[-78.50072,38.03744],[-78.50063,38.03765]]],[[[-78.48806,38.03821],[-78.48741,38.03831],[-78.48821,38.03755],[-78.48854,38.03776],[-78.48806,38.03821]]],[[[-78.47473,38.01357],[-78.47425,38.01453],[-78.47262,38.01389],[-78.47038,38.01534],[-78.47015,38.01362],[-78.47473,38.01357]]],[[[-78.4733,38.01516],[-78.47446,38.01474],[-78.4748,38.01588],[-78.47332,38.01546],[-78.4733,38.01516]]],[[[-78.47311,38.01522],[-78.47193,38.01632],[-78.46996,38.01609],[-78.47018,38.01547],[-78.47311,38.01522]]],[[[-78.47431,38.01647],[-78.47349,38.01611],[-78.47337,38.01565],[-78.47453,38.01615],[-78.47431,38.01647]]],[[[-78.47364,38.0243],[-78.47344,38.02625],[-78.47143,38.02587],[-78.47161,38.02478],[-78.47364,38.0243]]],[[[-78.48623,38.03753],[-78.4854,38.03698],[-78.48601,38.03641],[-78.48687,38.03692],[-78.48623,38.03753]]],[[[-78.48552,38.03728],[-78.48581,38.03747],[-78.4855,38.03777],[-78.48551,38.03823],[-78.48466,38.03767],[-78.48552,38.03728]]],[[[-78.48581,38.03747],[-78.4861,38.03765],[-78.48582,38.03792],[-78.48554,38.03773],[-78.48581,38.03747]]],[[[-78.48482,38.03842],[-78.48425,38.03805],[-78.48453,38.03778],[-78.4851,38.03816],[-78.48482,38.03842]]],[[[-78.48352,38.04167],[-78.48388,38.04381],[-78.4809,38.04217],[-78.48135,38.04154],[-78.48352,38.04167]]],[[[-78.4721,38.04158],[-78.4726,38.04106],[-78.47399,38.04236],[-78.47301,38.04317],[-78.47084,38.0425],[-78.4721,38.04158]]],[[[-78.47086,38.01174],[-78.4716,38.012],[-78.47102,38.01216],[-78.47086,38.01174]]],[[[-78.46934,38.01229],[-78.46949,38.01258],[-78.46911,38.01267],[-78.46934,38.01229]]],[[[-78.46662,38.02247],[-78.46635,38.02423],[-78.46737,38.02623],[-78.46498,38.02532],[-78.46662,38.02247]]]]}},{"type":"Feature","properties":{"zone":"NX-5","color":"#A04484"},"geometry":{"type":"MultiPolygon","coordinates":[[[[-78.49961,38.05204],[-78.49896,38.05243],[-78.49808,38.05156],[-78.49927,38.05076],[-78.49961,38.05204]]],[[[-78.49858,38.0524],[-78.49641,38.0558],[-78.49556,38.05565],[-78.49525,38.05508],[-78.49858,38.0524]]],[[[-78.50135,38.05538],[-78.50114,38.0557],[-78.50063,38.05546],[-78.50109,38.05507],[-78.50135,38.05538]]],[[[-78.50101,38.0559],[-78.50288,38.0566],[-78.49815,38.05662],[-78.50063,38.05546],[-78.50101,38.0559]]],[[[-78.4863,38.03153],[-78.48736,38.03163],[-78.48695,38.03297],[-78.48576,38.03293],[-78.4863,38.03153]]],[[[-78.47851,38.04026],[-78.47943,38.0407],[-78.48114,38.04074],[-78.48015,38.04215],[-78.47822,38.04209],[-78.47851,38.04026]]],[[[-78.49507,38.05527],[-78.49603,38.05624],[-78.49343,38.05539],[-78.4945,38.05528],[-78.49507,38.05527]]],[[[-78.45755,38.03707],[-78.45725,38.03751],[-78.4555,38.03687],[-78.45726,38.0352],[-78.45755,38.03707]]],[[[-78.46031,38.0363],[-78.4591,38.03732],[-78.45817,38.03662],[-78.45907,38.03559],[-78.46031,38.0363]]],[[[-78.45858,38.03777],[-78.45715,38.04002],[-78.45633,38.03941],[-78.45808,38.03671],[-78.45858,38.03777]]],[[[-78.45624,38.03959],[-78.45786,38.0407],[-78.45635,38.04194],[-78.45603,38.04049],[-78.45624,38.03959]]]]}},{"type":"Feature","properties":{"zone":"NX-8","color":"#81376A"},"geometry":{"type":"MultiPolygon","coordinates":[[[[-78.48558,38.02797],[-78.48625,38.02816],[-78.486,38.02857],[-78.48537,38.02834],[-78.48558,38.02797]]],[[[-78.48758,38.02857],[-78.48711,38.02964],[-78.48591,38.02912],[-78.48643,38.02823],[-78.48758,38.02857]]],[[[-78.48625,38.03112],[-78.48591,38.03104],[-78.48606,38.03061],[-78.48623,38.03065],[-78.48625,38.03112]]],[[[-78.5039,38.03095],[-78.50384,38.03117],[-78.50313,38.03104],[-78.50319,38.03083],[-78.5039,38.03095]]],[[[-78.50425,38.03167],[-78.50416,38.03198],[-78.50378,38.032],[-78.50389,38.0316],[-78.50425,38.03167]]],[[[-78.49724,38.05785],[-78.49672,38.06007],[-78.4945,38.05874],[-78.49561,38.05781],[-78.49724,38.05785]]],[[[-78.48847,38.05846],[-78.48854,38.05875],[-78.487,38.05934],[-78.4879,38.05853],[-78.48847,38.05846]]],[[[-78.49493,38.05918],[-78.49569,38.06123],[-78.49231,38.06296],[-78.49221,38.0617],[-78.49493,38.05918]]],[[[-78.48376,38.02361],[-78.48561,38.02338],[-78.48227,38.02671],[-78.4809,38.02502],[-78.48376,38.02361]]],[[[-78.47556,38.02818],[-78.47568,38.02833],[-78.47385,38.02768],[-78.47698,38.02739],[-78.47556,38.02818]]],[[[-78.48573,38.02902],[-78.48565,38.02915],[-78.48533,38.02903],[-78.48557,38.02867],[-78.48573,38.02902]]],[[[-78.48476,38.03348],[-78.48524,38.03386],[-78.48505,38.03431],[-78.4843,38.03375],[-78.48476,38.03348]]],[[[-78.46817,38.02352],[-78.46763,38.02502],[-78.46635,38.02423],[-78.46722,38.02275],[-78.46817,38.02352]]],[[[-78.46783,38.02498],[-78.46802,38.02469],[-78.46816,38.02461],[-78.46786,38.02509],[-78.46783,38.02498]]],[[[-78.4734,38.02996],[-78.47272,38.03008],[-78.4732,38.0294],[-78.47448,38.03001],[-78.4734,38.02996]]],[[[-78.47331,38.03038],[-78.47302,38.03146],[-78.47169,38.03153],[-78.47265,38.03018],[-78.47331,38.03038]]],[[[-78.47387,38.03128],[-78.4736,38.03141],[-78.47317,38.03142],[-78.47351,38.03092],[-78.47387,38.03128]]],[[[-78.47098,38.03239],[-78.47163,38.03223],[-78.47266,38.03307],[-78.47168,38.03378],[-78.47098,38.03239]]]]}},{"type":"Feature","properties":{"zone":"R-A","color":"#F1E3C0"},"geometry":{"type":"MultiPolygon","coordinates":[[[[-78.51689,38.01185],[-78.51547,38.01237],[-78.51721,38.01133],[-78.51793,38.01232],[-78.51579,38.01308],[-78.51689,38.01185]]],[[[-78.51876,38.01282],[-78.51934,38.01727],[-78.51913,38.01863],[-78.51629,38.01606],[-78.51876,38.01282]]],[[[-78.51781,38.01763],[-78.51673,38.01879],[-78.51613,38.0176],[-78.51688,38.01709],[-78.51781,38.01763]]],[[[-78.51987,38.01837],[-78.51962,38.01826],[-78.52016,38.01835],[-78.51993,38.01837],[-78.51987,38.01837]]],[[[-78.51849,38.01914],[-78.51824,38.01939],[-78.51748,38.01867],[-78.5191,38.01865],[-78.51849,38.01914]]],[[[-78.52001,38.01963],[-78.52007,38.0191],[-78.51945,38.01891],[-78.51874,38.01997],[-78.51769,38.01999],[-78.51812,38.01984],[-78.51838,38.01933],[-78.51918,38.01871],[-78.52037,38.01837],[-78.52136,38.01886],[-78.52215,38.02203],[-78.52001,38.01963]],[[-78.51877,38.01925],[-78.51881,38.01913],[-78.51881,38.01913],[-78.51877,38.01925]],[[-78.51881,38.01913],[-78.51881,38.01913],[-78.51881,38.01913],[-78.51881,38.01913],[-78.51881,38.01913]],[[-78.51881,38.01913],[-78.51881,38.01913],[-78.51892,38.01899],[-78.51881,38.01913]],[[-78.51904,38.01886],[-78.51904,38.01886],[-78.51892,38.01899],[-78.51904,38.01886]],[[-78.51904,38.01886],[-78.51904,38.01886],[-78.51904,38.01885],[-78.51904,38.01886]],[[-78.51932,38.02113],[-78.51932,38.02113],[-78.51924,38.02117],[-78.51932,38.02113]],[[-78.51849,38.01988],[-78.51851,38.01987],[-78.51849,38.01988],[-78.51849,38.01988]],[[-78.51863,38.01972],[-78.51863,38.01972],[-78.51863,38.01972],[-78.51863,38.01972]],[[-78.52034,38.02154],[-78.52026,38.02156],[-78.52031,38.02155],[-78.52034,38.02154]],[[-78.52034,38.02154],[-78.52031,38.02143],[-78.52034,38.02154],[-78.52034,38.02154]],[[-78.52021,38.02158],[-78.52017,38.02159],[-78.52018,38.02158],[-78.52021,38.02158]],[[-78.51967,38.02181],[-78.51967,38.02182],[-78.51976,38.02174],[-78.51967,38.02181]],[[-78.51965,38.02183],[-78.51967,38.02182],[-78.51967,38.02182],[-78.51965,38.02183]],[[-78.51953,38.02204],[-78.51963,38.02202],[-78.51964,38.02202],[-78.51963,38.02202],[-78.51953,38.02204]]],[[[-78.51816,38.01961],[-78.51801,38.0198],[-78.5173,38.01986],[-78.51604,38.02041],[-78.51652,38.01893],[-78.51816,38.01961]]],[[[-78.51996,38.01926],[-78.51873,38.02228],[-78.51806,38.02256],[-78.5182,38.02106],[-78.51791,38.02035],[-78.51893,38.02001],[-78.5194,38.01908],[-78.51996,38.01926]],[[-78.51923,38.02032],[-78.51924,38.0203],[-78.51924,38.0203],[-78.51923,38.02032]]],[[[-78.51802,38.02113],[-78.51494,38.02169],[-78.5149,38.02062],[-78.51649,38.02046],[-78.51745,38.01994],[-78.51802,38.02113]]],[[[-78.52258,38.02111],[-78.52338,38.02073],[-78.52348,38.02135],[-78.52286,38.02167],[-78.52258,38.02111]]],[[[-78.51786,38.02236],[-78.51747,38.02275],[-78.51737,38.02172],[-78.51795,38.02165],[-78.51786,38.02236]]],[[[-78.52357,38.02158],[-78.52371,38.02229],[-78.52324,38.02244],[-78.523,38.02186],[-78.52357,38.02158]]],[[[-78.52162,38.02295],[-78.52141,38.02247],[-78.523,38.02186],[-78.52324,38.02244],[-78.52162,38.02295]]],[[[-78.51999,38.02345],[-78.51884,38.02275],[-78.52141,38.02247],[-78.52162,38.02295],[-78.51999,38.02345]]],[[[-78.51464,38.01137],[-78.51396,38.01635],[-78.51266,38.01747],[-78.51377,38.01347],[-78.51302,38.01173],[-78.51464,38.01137]],[[-78.51414,38.0134],[-78.51411,38.01339],[-78.51373,38.01334],[-78.51414,38.0134]],[[-78.5135,38.01616],[-78.51349,38.0162],[-78.51348,38.01625],[-78.5135,38.01616]],[[-78.51357,38.01597],[-78.51355,38.01596],[-78.51355,38.01596],[-78.51357,38.01597]],[[-78.51325,38.01264],[-78.51329,38.01252],[-78.51329,38.01252],[-78.51325,38.01264]],[[-78.51389,38.01476],[-78.51383,38.01475],[-78.51389,38.01476],[-78.51389,38.01476]]],[[[-78.5154,38.01294],[-78.51497,38.01277],[-78.51489,38.01241],[-78.51544,38.01238],[-78.5154,38.01294]]],[[[-78.51631,38.01339],[-78.51452,38.01644],[-78.51409,38.01639],[-78.51492,38.01291],[-78.51631,38.01339]]],[[[-78.51682,38.01383],[-78.51574,38.01662],[-78.51602,38.01757],[-78.51469,38.01637],[-78.51682,38.01383]]],[[[-78.51565,38.02003],[-78.51592,38.02036],[-78.51524,38.02041],[-78.51524,38.02004],[-78.51565,38.02003]]],[[[-78.51461,38.02075],[-78.51473,38.02338],[-78.51423,38.02339],[-78.51423,38.0234],[-78.51256,38.02344],[-78.51188,38.02346],[-78.5112,38.02441],[-78.51117,38.02272],[-78.51019,38.02106],[-78.51461,38.02075]],[[-78.51466,38.022],[-78.51344,38.02203],[-78.51342,38.0219],[-78.51344,38.02203],[-78.51466,38.022]],[[-78.51363,38.02312],[-78.51361,38.02287],[-78.51364,38.02341],[-78.51363,38.02312]],[[-78.51202,38.02224],[-78.51174,38.02221],[-78.51174,38.02221],[-78.51202,38.02224]],[[-78.51174,38.02221],[-78.51174,38.02221],[-78.51174,38.02221],[-78.51174,38.02221],[-78.51174,38.02221]],[[-78.51174,38.02221],[-78.51174,38.02221],[-78.51154,38.0221],[-78.51174,38.02221]],[[-78.5121,38.02292],[-78.51219,38.02291],[-78.5122,38.02291],[-78.5121,38.02292],[-78.5121,38.02292]],[[-78.51337,38.0215],[-78.5134,38.02142],[-78.5134,38.02142],[-78.5134,38.02142],[-78.51337,38.0215]],[[-78.51402,38.02286],[-78.51394,38.02286],[-78.51402,38.02286],[-78.51402,38.02286]],[[-78.51364,38.02312],[-78.51387,38.02311],[-78.51387,38.02311],[-78.51364,38.02312]],[[-78.51257,38.02182],[-78.51258,38.02181],[-78.51258,38.02181],[-78.51257,38.02182]],[[-78.51124,38.02193],[-78.51124,38.02193],[-78.51082,38.02171],[-78.51124,38.02193]]],[[[-78.51651,38.0233],[-78.51502,38.02335],[-78.51496,38.02196],[-78.5165,38.02193],[-78.51651,38.0233]]],[[[-78.51478,38.02425],[-78.51185,38.02439],[-78.51183,38.02396],[-78.51474,38.02349],[-78.51478,38.02425]]],[[[-78.5132,38.02503],[-78.51185,38.02449],[-78.51479,38.02442],[-78.51481,38.025],[-78.5132,38.02503]]],[[[-78.51305,38.02562],[-78.51187,38.02515],[-78.51458,38.02509],[-78.51458,38.02514],[-78.51305,38.02562]]],[[[-78.51389,38.03765],[-78.51298,38.03768],[-78.50911,38.03678],[-78.51422,38.03701],[-78.51389,38.03765]]],[[[-78.5163,38.03848],[-78.51543,38.03858],[-78.51463,38.03685],[-78.51554,38.03669],[-78.5163,38.03848]]],[[[-78.51328,38.03778],[-78.51459,38.0377],[-78.51483,38.03829],[-78.51336,38.0384],[-78.51328,38.03778]]],[[[-78.51464,38.03874],[-78.51361,38.03979],[-78.51246,38.03936],[-78.51126,38.03926],[-78.51464,38.03874]]],[[[-78.51661,38.04008],[-78.51549,38.04104],[-78.51614,38.03969],[-78.51552,38.03866],[-78.51661,38.04008]]],[[[-78.51537,38.04034],[-78.51467,38.04032],[-78.51585,38.03922],[-78.516,38.03973],[-78.51537,38.04034]]],[[[-78.51541,38.0411],[-78.51473,38.04171],[-78.51368,38.04109],[-78.51442,38.04032],[-78.51541,38.0411]]],[[[-78.51339,38.04209],[-78.5128,38.04207],[-78.51404,38.04144],[-78.51401,38.04157],[-78.51339,38.04209]]],[[[-78.51331,38.04288],[-78.51221,38.04233],[-78.51337,38.04226],[-78.51425,38.04159],[-78.51464,38.04179],[-78.51331,38.04288]]],[[[-78.51458,38.04404],[-78.51479,38.04391],[-78.51491,38.04394],[-78.51479,38.04398],[-78.51458,38.04404]]],[[[-78.51281,38.01125],[-78.5119,38.01211],[-78.51157,38.01048],[-78.51104,38.01041],[-78.51058,38.01089],[-78.51105,38.01411],[-78.50949,38.01366],[-78.50784,38.01401],[-78.51012,38.01],[-78.51175,38.00966],[-78.51281,38.01125]]],[[[-78.51341,38.01127],[-78.51344,38.0115],[-78.513,38.01149],[-78.51298,38.01127],[-78.51341,38.01127]]],[[[-78.51229,38.0139],[-78.51181,38.0157],[-78.5114,38.0159],[-78.51124,38.01232],[-78.51229,38.0139]]],[[[-78.51266,38.01317],[-78.51313,38.01308],[-78.51289,38.01397],[-78.51247,38.0139],[-78.51266,38.01317]]],[[[-78.51349,38.01342],[-78.51322,38.01481],[-78.51277,38.01477],[-78.51318,38.01326],[-78.51349,38.01342]]],[[[-78.51236,38.01428],[-78.51247,38.0139],[-78.51289,38.01397],[-78.51267,38.01473],[-78.51236,38.01428]]],[[[-78.51249,38.01538],[-78.51235,38.01592],[-78.51192,38.01583],[-78.51223,38.01479],[-78.51249,38.01538]]],[[[-78.51317,38.01498],[-78.51287,38.01643],[-78.51231,38.01687],[-78.51274,38.01488],[-78.51317,38.01498]]],[[[-78.51213,38.01668],[-78.51153,38.0161],[-78.51192,38.01583],[-78.51235,38.01592],[-78.51213,38.01668]]],[[[-78.51216,38.01683],[-78.51089,38.01745],[-78.51062,38.01688],[-78.5114,38.0161],[-78.51216,38.01683]]],[[[-78.51257,38.01904],[-78.51258,38.02001],[-78.51094,38.01755],[-78.51232,38.01707],[-78.51257,38.01904]]],[[[-78.51165,38.01955],[-78.5093,38.01708],[-78.51003,38.01628],[-78.51223,38.01974],[-78.51165,38.01955]],[[-78.5101,38.01736],[-78.51008,38.01734],[-78.51003,38.01723],[-78.5101,38.01736]]],[[[-78.51282,38.03843],[-78.51184,38.0384],[-78.51073,38.03818],[-78.51105,38.03734],[-78.51282,38.03843]]],[[[-78.5124,38.0395],[-78.51118,38.04116],[-78.50987,38.04127],[-78.51117,38.03937],[-78.5124,38.0395]],[[-78.51185,38.03989],[-78.51183,38.03989],[-78.51164,38.03991],[-78.51185,38.03989]],[[-78.51096,38.04055],[-78.51096,38.04055],[-78.51077,38.04076],[-78.51096,38.04055]]],[[[-78.51257,38.03952],[-78.51353,38.03988],[-78.51108,38.04156],[-78.51241,38.04026],[-78.51257,38.03952]],[[-78.51273,38.03999],[-78.5129,38.04012],[-78.51251,38.03984],[-78.51273,38.03999]]],[[[-78.51167,38.0111],[-78.51169,38.01207],[-78.5111,38.01212],[-78.51074,38.01092],[-78.51167,38.0111]]],[[[-78.51007,38.01396],[-78.51089,38.01482],[-78.50652,38.01572],[-78.50739,38.01437],[-78.51007,38.01396]]],[[[-78.51132,38.01599],[-78.51029,38.01585],[-78.50917,38.01699],[-78.50827,38.01646],[-78.5109,38.01532],[-78.51132,38.01599]]],[[[-78.50955,38.01933],[-78.50804,38.01882],[-78.50809,38.0181],[-78.50923,38.01839],[-78.50982,38.01829],[-78.50955,38.01933]]],[[[-78.50962,38.02196],[-78.51001,38.02173],[-78.51013,38.02185],[-78.50978,38.02214],[-78.50962,38.02196]]],[[[-78.51109,38.02349],[-78.51106,38.02442],[-78.51049,38.02285],[-78.50693,38.02434],[-78.51022,38.02192],[-78.51109,38.02349]]],[[[-78.51044,38.02403],[-78.5118,38.02595],[-78.50756,38.02578],[-78.51028,38.02321],[-78.51044,38.02403]],[[-78.50929,38.02547],[-78.50916,38.02552],[-78.50915,38.02552],[-78.50929,38.02547]]],[[[-78.50961,38.02654],[-78.50532,38.02791],[-78.50339,38.02479],[-78.50583,38.027],[-78.50961,38.02654]]],[[[-78.51025,38.03807],[-78.50962,38.03792],[-78.50992,38.03707],[-78.51094,38.03731],[-78.51025,38.03807]]],[[[-78.5113,38.03897],[-78.51069,38.03984],[-78.50729,38.03849],[-78.50763,38.03758],[-78.5113,38.03897]]],[[[-78.5093,38.04096],[-78.50989,38.03999],[-78.51065,38.03993],[-78.50979,38.04118],[-78.5093,38.04096]]],[[[-78.50733,38.01425],[-78.50626,38.01473],[-78.50672,38.01485],[-78.50633,38.01573],[-78.50511,38.0157],[-78.50655,38.01386],[-78.50733,38.01425]],[[-78.50627,38.01472],[-78.50626,38.01473],[-78.50626,38.01473],[-78.50627,38.01472]],[[-78.50672,38.0141],[-78.50672,38.0141],[-78.50682,38.01403],[-78.50672,38.0141]],[[-78.50629,38.01453],[-78.50631,38.01467],[-78.5063,38.01464],[-78.50629,38.01453]],[[-78.50641,38.01453],[-78.50642,38.01453],[-78.50631,38.01467],[-78.50641,38.01453]],[[-78.50624,38.01482],[-78.50624,38.01481],[-78.50624,38.0148],[-78.50624,38.01482]],[[-78.50626,38.01492],[-78.50626,38.0149],[-78.50624,38.01482],[-78.50626,38.01492]],[[-78.50626,38.01492],[-78.50628,38.01503],[-78.50627,38.01501],[-78.50626,38.01492]],[[-78.50624,38.01515],[-78.50625,38.01513],[-78.50629,38.01508],[-78.50624,38.01515]],[[-78.50623,38.01515],[-78.50617,38.01523],[-78.50617,38.01523],[-78.50623,38.01515]],[[-78.5061,38.01532],[-78.50611,38.01532],[-78.50617,38.01523],[-78.5061,38.01532]],[[-78.50609,38.01533],[-78.50604,38.0154],[-78.50605,38.01539],[-78.50609,38.01533]],[[-78.506,38.01546],[-78.506,38.01545],[-78.50599,38.01547],[-78.506,38.01546]]],[[[-78.50702,38.01707],[-78.50615,38.01667],[-78.50801,38.01637],[-78.50804,38.01662],[-78.50702,38.01707]]],[[[-78.50933,38.01735],[-78.50924,38.01827],[-78.50696,38.01747],[-78.5082,38.01673],[-78.50933,38.01735]]],[[[-78.50772,38.01847],[-78.50071,38.01744],[-78.50013,38.01807],[-78.50073,38.01853],[-78.50004,38.01905],[-78.49853,38.01675],[-78.50772,38.01847]]],[[[-78.50903,38.02275],[-78.50885,38.02257],[-78.50919,38.02227],[-78.50939,38.02246],[-78.50903,38.02275]]],[[[-78.50768,38.02344],[-78.5084,38.0229],[-78.50859,38.0231],[-78.50768,38.02372],[-78.50768,38.02344]]],[[[-78.50723,38.02373],[-78.50736,38.02364],[-78.50753,38.02381],[-78.5074,38.0239],[-78.50723,38.02373]]],[[[-78.50594,38.02526],[-78.50517,38.02534],[-78.50457,38.02446],[-78.50661,38.02403],[-78.50594,38.02526]]],[[[-78.50973,38.03748],[-78.50957,38.03791],[-78.50766,38.03748],[-78.50798,38.03662],[-78.50973,38.03748]]],[[[-78.50986,38.03993],[-78.50909,38.04032],[-78.50875,38.03993],[-78.50934,38.03963],[-78.50986,38.03993]]],[[[-78.50318,38.01878],[-78.50257,38.01975],[-78.50032,38.01786],[-78.50248,38.01795],[-78.50318,38.01878]]],[[[-78.5057,38.01886],[-78.50428,38.0207],[-78.50286,38.01982],[-78.50352,38.01836],[-78.5057,38.01886]]],[[[-78.50407,38.02081],[-78.5034,38.02124],[-78.50045,38.01912],[-78.50107,38.01852],[-78.50213,38.01961],[-78.50407,38.02081]]],[[[-78.50279,38.02174],[-78.50223,38.02213],[-78.50227,38.02239],[-78.50371,38.02332],[-78.50515,38.02318],[-78.50522,38.02366],[-78.50324,38.02377],[-78.49944,38.02068],[-78.50279,38.02174]]],[[[-78.50447,38.02245],[-78.505,38.02311],[-78.50235,38.02224],[-78.50344,38.02151],[-78.50447,38.02245]]],[[[-78.50287,38.02553],[-78.50194,38.02576],[-78.50314,38.02461],[-78.50328,38.02524],[-78.50287,38.02553]]],[[[-78.5034,38.02549],[-78.50514,38.02782],[-78.5036,38.02845],[-78.50189,38.0261],[-78.5034,38.02549]]],[[[-78.50355,38.04376],[-78.50371,38.04322],[-78.50211,38.04121],[-78.50432,38.04309],[-78.50355,38.04376]]],[[[-78.50326,38.04376],[-78.50146,38.04238],[-78.50183,38.04171],[-78.50358,38.04326],[-78.50326,38.04376]]],[[[-78.50326,38.04525],[-78.50115,38.04355],[-78.50065,38.04335],[-78.50374,38.04563],[-78.50326,38.04525]]],[[[-78.50216,38.04842],[-78.5013,38.04938],[-78.49935,38.04721],[-78.49862,38.04697],[-78.49793,38.04707],[-78.49907,38.04587],[-78.50161,38.04787],[-78.50297,38.04632],[-78.4998,38.04324],[-78.50371,38.04575],[-78.50216,38.04842]]],[[[-78.50098,38.02305],[-78.49949,38.02229],[-78.49927,38.0219],[-78.50129,38.02272],[-78.50098,38.02305]]],[[[-78.50266,38.0236],[-78.50268,38.02398],[-78.50116,38.02314],[-78.50143,38.02281],[-78.50266,38.0236]]],[[[-78.5009,38.02321],[-78.49953,38.02323],[-78.4995,38.02383],[-78.49991,38.02436],[-78.49879,38.02418],[-78.49869,38.02316],[-78.4987,38.02302],[-78.49937,38.02243],[-78.5009,38.02321]],[[-78.50027,38.02343],[-78.50027,38.02343],[-78.50059,38.02359],[-78.50027,38.02343]],[[-78.49911,38.02333],[-78.49915,38.02317],[-78.49871,38.02336],[-78.49911,38.02333]],[[-78.50047,38.02331],[-78.50039,38.02327],[-78.50027,38.02343],[-78.50039,38.02327],[-78.50047,38.02331]],[[-78.49919,38.02404],[-78.49919,38.02404],[-78.49916,38.02404],[-78.49919,38.02404]],[[-78.49937,38.02412],[-78.49935,38.02411],[-78.49954,38.02411],[-78.49937,38.02412]]],[[[-78.5014,38.02389],[-78.50103,38.02533],[-78.49797,38.02524],[-78.50007,38.02444],[-78.50102,38.02333],[-78.5014,38.02389]],[[-78.5006,38.02448],[-78.50043,38.02467],[-78.50061,38.02447],[-78.5006,38.02448]]],[[[-78.50163,38.02399],[-78.50141,38.02389],[-78.50165,38.02365],[-78.50181,38.0238],[-78.50163,38.02399]]],[[[-78.5017,38.04294],[-78.50307,38.04389],[-78.50294,38.04447],[-78.50105,38.04299],[-78.5017,38.04294]]],[[[-78.50245,38.04667],[-78.50185,38.04731],[-78.49936,38.04581],[-78.49998,38.04523],[-78.50245,38.04667]]],[[[-78.50037,38.05003],[-78.49832,38.04765],[-78.49806,38.04721],[-78.50117,38.04947],[-78.50037,38.05003]]],[[[-78.50077,38.05819],[-78.50047,38.05812],[-78.50206,38.06006],[-78.50169,38.0603],[-78.50036,38.05915],[-78.4988,38.05846],[-78.49793,38.05846],[-78.49715,38.05965],[-78.49672,38.0594],[-78.49752,38.05791],[-78.50093,38.05795],[-78.50111,38.05834],[-78.50077,38.05819]]],[[[-78.50142,38.06046],[-78.50044,38.06105],[-78.49875,38.06006],[-78.49968,38.05895],[-78.50142,38.06046]]],[[[-78.50183,38.06038],[-78.50244,38.06055],[-78.49973,38.06176],[-78.49974,38.06169],[-78.50183,38.06038]]],[[[-78.49828,38.01473],[-78.49697,38.0154],[-78.49577,38.01441],[-78.4969,38.01385],[-78.49828,38.01473]]],[[[-78.49825,38.01495],[-78.49857,38.01521],[-78.49833,38.01555],[-78.49803,38.01518],[-78.49825,38.01495]]],[[[-78.49788,38.01597],[-78.49701,38.01608],[-78.49696,38.01552],[-78.49797,38.01523],[-78.49788,38.01597]]],[[[-78.49992,38.02018],[-78.49888,38.01997],[-78.49966,38.01914],[-78.50007,38.01927],[-78.49992,38.02018]]],[[[-78.49855,38.02291],[-78.49863,38.02416],[-78.49834,38.02459],[-78.49809,38.02278],[-78.49919,38.0221],[-78.49855,38.02291]]],[[[-78.50012,38.02417],[-78.49971,38.02386],[-78.49972,38.0235],[-78.50047,38.02374],[-78.50012,38.02417]]],[[[-78.49941,38.04484],[-78.49914,38.0457],[-78.49704,38.04454],[-78.49852,38.04372],[-78.49941,38.04484]]],[[[-78.49726,38.04579],[-78.49678,38.04643],[-78.49583,38.04589],[-78.49716,38.04479],[-78.49726,38.04579]]],[[[-78.49888,38.04576],[-78.49775,38.04695],[-78.49697,38.04654],[-78.49793,38.04526],[-78.49888,38.04576]]],[[[-78.50021,38.05009],[-78.49893,38.05098],[-78.49392,38.04758],[-78.49572,38.04606],[-78.50021,38.05009]]],[[[-78.49791,38.05166],[-78.49846,38.05228],[-78.4978,38.0531],[-78.49701,38.05273],[-78.49782,38.05209],[-78.49755,38.0516],[-78.49791,38.05166]]],[[[-78.49912,38.05868],[-78.49797,38.06082],[-78.49743,38.06055],[-78.49804,38.05859],[-78.49912,38.05868]]],[[[-78.49997,38.06084],[-78.49952,38.06163],[-78.4981,38.06091],[-78.49868,38.0602],[-78.49997,38.06084]]],[[[-78.49911,38.06161],[-78.49781,38.06347],[-78.49678,38.06254],[-78.49796,38.06108],[-78.49911,38.06161]]],[[[-78.49538,38.0149],[-78.49485,38.01566],[-78.49433,38.01502],[-78.49565,38.01447],[-78.49538,38.0149]]],[[[-78.49585,38.01479],[-78.49608,38.01505],[-78.49562,38.01528],[-78.49541,38.01497],[-78.49585,38.01479]]],[[[-78.49667,38.01547],[-78.49686,38.01602],[-78.49556,38.01538],[-78.49611,38.01509],[-78.49667,38.01547]]],[[[-78.4934,38.0161],[-78.4905,38.01847],[-78.49213,38.01906],[-78.49109,38.02214],[-78.48852,38.0183],[-78.48889,38.01879],[-78.48914,38.01881],[-78.48933,38.01883],[-78.48995,38.01888],[-78.49328,38.01557],[-78.49423,38.01638],[-78.4934,38.01801],[-78.4934,38.0161]],[[-78.48895,38.01843],[-78.48895,38.01844],[-78.48896,38.01833],[-78.48895,38.01843]]],[[[-78.49335,38.01841],[-78.49332,38.0189],[-78.49278,38.01917],[-78.49296,38.01811],[-78.49335,38.01841]]],[[[-78.49483,38.03743],[-78.4949,38.03633],[-78.49546,38.03651],[-78.49518,38.03669],[-78.49483,38.03743]]],[[[-78.49574,38.0366],[-78.49595,38.03695],[-78.49672,38.03691],[-78.49658,38.03717],[-78.49533,38.03675],[-78.49574,38.0366]]],[[[-78.49636,38.03917],[-78.4962,38.04007],[-78.4958,38.03992],[-78.49611,38.0394],[-78.49636,38.03917]]],[[[-78.49596,38.04045],[-78.49586,38.04061],[-78.49545,38.04047],[-78.49571,38.04006],[-78.49596,38.04045]]],[[[-78.49511,38.04425],[-78.49422,38.04366],[-78.49705,38.04257],[-78.49727,38.04288],[-78.49528,38.04377],[-78.49511,38.04425]]],[[[-78.49733,38.04297],[-78.49757,38.04329],[-78.49696,38.04358],[-78.49671,38.04324],[-78.49733,38.04297]]],[[[-78.49614,38.04383],[-78.49592,38.04394],[-78.49574,38.0437],[-78.49631,38.04352],[-78.49614,38.04383]]],[[[-78.49671,38.04505],[-78.49446,38.04695],[-78.49381,38.04666],[-78.49672,38.04453],[-78.49671,38.04505]]],[[[-78.49396,38.04875],[-78.49444,38.04908],[-78.49216,38.04963],[-78.49347,38.04879],[-78.49396,38.04875]]],[[[-78.49564,38.05035],[-78.49482,38.05101],[-78.49499,38.05183],[-78.49404,38.05237],[-78.4937,38.05311],[-78.49268,38.05284],[-78.4928,38.05],[-78.49564,38.05035]]],[[[-78.49603,38.0499],[-78.49712,38.0507],[-78.49638,38.05127],[-78.49563,38.05065],[-78.49603,38.0499]]],[[[-78.49774,38.05138],[-78.49744,38.05159],[-78.49753,38.05217],[-78.49641,38.0513],[-78.49774,38.05138]]],[[[-78.49548,38.05073],[-78.49735,38.05215],[-78.49698,38.05271],[-78.49577,38.05169],[-78.49517,38.05156],[-78.49548,38.05073]]],[[[-78.49509,38.05186],[-78.49563,38.05166],[-78.49626,38.05231],[-78.49699,38.05277],[-78.49777,38.05314],[-78.49651,38.05433],[-78.49688,38.05362],[-78.49509,38.05186]]],[[[-78.49636,38.05354],[-78.49593,38.0545],[-78.494,38.05258],[-78.49493,38.05208],[-78.49549,38.05288],[-78.49636,38.05354]]],[[[-78.49439,38.05401],[-78.49367,38.05355],[-78.49395,38.05292],[-78.49496,38.05362],[-78.49439,38.05401]]],[[[-78.49382,38.05386],[-78.49437,38.05414],[-78.49497,38.05365],[-78.49583,38.05455],[-78.49229,38.05423],[-78.49382,38.05386]]],[[[-78.49603,38.05484],[-78.49597,38.05469],[-78.496,38.05463],[-78.49614,38.05478],[-78.49603,38.05484]]],[[[-78.49551,38.05484],[-78.49577,38.0548],[-78.4959,38.05491],[-78.49525,38.05508],[-78.49551,38.05484]]],[[[-78.49506,38.05512],[-78.49502,38.05515],[-78.49413,38.05526],[-78.49494,38.05478],[-78.49506,38.05512]]],[[[-78.49718,38.06192],[-78.49609,38.06202],[-78.49602,38.06089],[-78.49741,38.06154],[-78.49718,38.06192]]],[[[-78.49575,38.06177],[-78.49573,38.06321],[-78.49415,38.06172],[-78.4927,38.06306],[-78.49405,38.06108],[-78.49575,38.06177]]],[[[-78.49531,38.06312],[-78.49437,38.06443],[-78.49297,38.0633],[-78.4941,38.06232],[-78.49531,38.06312]]],[[[-78.4973,38.06319],[-78.49638,38.06437],[-78.49449,38.06455],[-78.49662,38.06263],[-78.4973,38.06319]]],[[[-78.49273,38.01871],[-78.4922,38.0189],[-78.49231,38.01768],[-78.49283,38.01774],[-78.49273,38.01871]]],[[[-78.49126,38.02255],[-78.49062,38.02334],[-78.48816,38.02148],[-78.48688,38.02135],[-78.48815,38.01995],[-78.49126,38.02255]],[[-78.4898,38.02266],[-78.48998,38.02275],[-78.48962,38.02257],[-78.4898,38.02266]]],[[[-78.49026,38.02375],[-78.48914,38.02541],[-78.4886,38.02519],[-78.48907,38.02273],[-78.49026,38.02375]],[[-78.48895,38.02311],[-78.4889,38.0232],[-78.4888,38.02335],[-78.48895,38.02311]]],[[[-78.48988,38.03217],[-78.48957,38.03207],[-78.48961,38.03188],[-78.49007,38.03199],[-78.48988,38.03217]]],[[[-78.48986,38.03242],[-78.48963,38.0327],[-78.48797,38.0323],[-78.4882,38.03166],[-78.48986,38.03242]]],[[[-78.49212,38.04189],[-78.49299,38.04552],[-78.49003,38.04575],[-78.49095,38.04313],[-78.48663,38.0425],[-78.49212,38.04189]],[[-78.49164,38.04509],[-78.49164,38.04508],[-78.49175,38.04483],[-78.49164,38.04509]],[[-78.49234,38.0442],[-78.49233,38.04417],[-78.49234,38.0442],[-78.49234,38.0442]],[[-78.49223,38.04514],[-78.49222,38.04511],[-78.49222,38.04512],[-78.49223,38.04514]]],[[[-78.49156,38.0438],[-78.49169,38.04456],[-78.49137,38.04459],[-78.49108,38.04369],[-78.49156,38.0438]]],[[[-78.48995,38.04705],[-78.48994,38.04659],[-78.49083,38.04652],[-78.49082,38.04733],[-78.48995,38.04705]]],[[[-78.49244,38.04728],[-78.49095,38.04734],[-78.49095,38.04681],[-78.4925,38.047],[-78.49244,38.04728]]],[[[-78.49112,38.048],[-78.48692,38.04738],[-78.487,38.04625],[-78.48827,38.04713],[-78.49158,38.04751],[-78.49112,38.048]]],[[[-78.4904,38.04893],[-78.48806,38.05051],[-78.48809,38.04983],[-78.4879,38.04929],[-78.48748,38.04886],[-78.48682,38.04851],[-78.48692,38.04749],[-78.4904,38.04893]]],[[[-78.49236,38.04997],[-78.49098,38.05105],[-78.49002,38.05217],[-78.48955,38.05197],[-78.49236,38.04997]]],[[[-78.49265,38.05007],[-78.4925,38.05273],[-78.49267,38.05297],[-78.49331,38.05325],[-78.49301,38.05324],[-78.49281,38.0533],[-78.49227,38.05421],[-78.49265,38.05007]]],[[[-78.49139,38.05198],[-78.49107,38.05342],[-78.4898,38.05259],[-78.49093,38.05125],[-78.49139,38.05198]]],[[[-78.49099,38.05346],[-78.49261,38.05458],[-78.48853,38.05487],[-78.48973,38.05264],[-78.49099,38.05346]]],[[[-78.48872,38.01753],[-78.48865,38.01754],[-78.48854,38.01728],[-78.48885,38.01728],[-78.48872,38.01753]]],[[[-78.48921,38.01734],[-78.48928,38.01802],[-78.48861,38.01798],[-78.48885,38.01728],[-78.48921,38.01734]]],[[[-78.48828,38.01769],[-78.48842,38.01806],[-78.48802,38.018],[-78.48811,38.01767],[-78.48828,38.01769]]],[[[-78.48898,38.01802],[-78.48943,38.01811],[-78.48974,38.01837],[-78.48856,38.01816],[-78.48898,38.01802]]],[[[-78.4882,38.01886],[-78.48758,38.01925],[-78.48611,38.01772],[-78.48834,38.01818],[-78.4882,38.01886]],[[-78.48786,38.01851],[-78.48788,38.01844],[-78.48788,38.01843],[-78.48786,38.01851]]],[[[-78.48913,38.01881],[-78.48898,38.01869],[-78.48976,38.01839],[-78.48965,38.01886],[-78.48913,38.01881]]],[[[-78.48807,38.02247],[-78.48744,38.02357],[-78.48583,38.02332],[-78.4869,38.02148],[-78.48898,38.02263],[-78.48805,38.02409],[-78.48807,38.02247]],[[-78.48811,38.0235],[-78.48812,38.02349],[-78.4881,38.02351],[-78.48811,38.0235]]],[[[-78.48837,38.02464],[-78.48802,38.02499],[-78.48786,38.02486],[-78.48823,38.02419],[-78.48837,38.02464]]],[[[-78.48932,38.03171],[-78.48958,38.03177],[-78.48945,38.03207],[-78.4891,38.03199],[-78.48932,38.03171]]],[[[-78.48795,38.03208],[-78.48783,38.03238],[-78.48729,38.03228],[-78.48751,38.03166],[-78.48795,38.03208]]],[[[-78.48769,38.03297],[-78.48724,38.03239],[-78.48835,38.03248],[-78.48778,38.03263],[-78.48769,38.03297]]],[[[-78.48872,38.03274],[-78.4884,38.03266],[-78.48846,38.0325],[-78.48877,38.03258],[-78.48872,38.03274]]],[[[-78.48969,38.0328],[-78.48944,38.03307],[-78.48905,38.03299],[-78.48914,38.03266],[-78.48969,38.0328]]],[[[-78.48983,38.04419],[-78.48757,38.04466],[-78.48715,38.04389],[-78.48799,38.04381],[-78.48983,38.04419]]],[[[-78.4899,38.04509],[-78.48815,38.04543],[-78.48763,38.0449],[-78.48778,38.04482],[-78.4899,38.04509]]],[[[-78.48895,38.04647],[-78.48981,38.04658],[-78.48971,38.04719],[-78.48846,38.04699],[-78.48895,38.04647]]],[[[-78.48812,38.05143],[-78.4856,38.05174],[-78.48572,38.05066],[-78.48463,38.04965],[-78.48812,38.05143]]],[[[-78.48903,38.05187],[-78.48837,38.05307],[-78.48834,38.05473],[-78.48699,38.0548],[-78.4855,38.05557],[-78.48495,38.05541],[-78.48903,38.05187]]],[[[-78.48856,38.05162],[-78.48583,38.05331],[-78.48441,38.05515],[-78.48527,38.05203],[-78.48856,38.05162]]],[[[-78.48951,38.05278],[-78.48883,38.05392],[-78.48849,38.05411],[-78.48915,38.05185],[-78.48951,38.05278]]],[[[-78.48842,38.05485],[-78.48868,38.0551],[-78.48902,38.05515],[-78.49041,38.05488],[-78.49071,38.05521],[-78.48622,38.05625],[-78.48842,38.05485]]],[[[-78.48764,38.0179],[-78.48649,38.01734],[-78.48646,38.01726],[-78.48676,38.0169],[-78.48764,38.0179]]],[[[-78.4865,38.01875],[-78.48598,38.01953],[-78.48508,38.01919],[-78.48568,38.01833],[-78.4865,38.01875]]],[[[-78.48711,38.01934],[-78.48663,38.01986],[-78.48615,38.01962],[-78.4867,38.0188],[-78.48711,38.01934]]],[[[-78.48621,38.02012],[-78.48566,38.02085],[-78.48429,38.02026],[-78.48497,38.0193],[-78.48621,38.02012]]],[[[-78.4863,38.04167],[-78.48639,38.04253],[-78.48465,38.04256],[-78.48603,38.04228],[-78.4863,38.04167]]],[[[-78.48703,38.04294],[-78.48691,38.04365],[-78.48728,38.04461],[-78.48438,38.04429],[-78.48703,38.04294]]],[[[-78.48726,38.04518],[-78.48614,38.04509],[-78.48427,38.04487],[-78.48435,38.04444],[-78.48726,38.04518]]],[[[-78.48568,38.04637],[-78.48396,38.04584],[-78.48688,38.04613],[-78.48675,38.04733],[-78.48374,38.04701],[-78.48568,38.04637]]],[[[-78.48584,38.04785],[-78.48496,38.04818],[-78.48469,38.04726],[-78.48602,38.04742],[-78.48584,38.04785]]],[[[-78.48647,38.04874],[-78.48349,38.04931],[-78.48381,38.04716],[-78.48504,38.04832],[-78.48669,38.04749],[-78.48647,38.04874]]],[[[-78.48717,38.04876],[-78.48788,38.04946],[-78.48797,38.05051],[-78.48579,38.04933],[-78.48717,38.04876]]],[[[-78.48664,38.05518],[-78.48611,38.05623],[-78.48485,38.05551],[-78.48548,38.05566],[-78.48664,38.05518]]],[[[-78.48587,38.05839],[-78.48208,38.06206],[-78.47933,38.06017],[-78.48008,38.05927],[-78.48201,38.06062],[-78.48336,38.06035],[-78.48587,38.0566],[-78.48587,38.05839]]],[[[-78.48589,38.05853],[-78.48528,38.06017],[-78.48,38.06502],[-78.48042,38.06582],[-78.47609,38.06403],[-78.4796,38.06468],[-78.48006,38.06387],[-78.48369,38.061],[-78.48589,38.05853]],[[-78.47862,38.06499],[-78.47863,38.06496],[-78.47862,38.06501],[-78.47862,38.06499]]],[[[-78.48351,38.01615],[-78.4834,38.01577],[-78.48389,38.016],[-78.48371,38.01624],[-78.48351,38.01615]]],[[[-78.4839,38.01633],[-78.48433,38.0162],[-78.484,38.01725],[-78.4836,38.01703],[-78.48397,38.01649],[-78.4839,38.01633]]],[[[-78.48348,38.01696],[-78.48275,38.01666],[-78.48316,38.01609],[-78.48385,38.01642],[-78.48348,38.01696]]],[[[-78.48339,38.01756],[-78.483,38.01738],[-78.48242,38.01711],[-78.48375,38.0174],[-78.48339,38.01756]]],[[[-78.484,38.01785],[-78.48426,38.01752],[-78.48471,38.01773],[-78.48418,38.01841],[-78.484,38.01785]]],[[[-78.48474,38.01867],[-78.48486,38.0178],[-78.48565,38.01816],[-78.48514,38.01885],[-78.48474,38.01867]]],[[[-78.48411,38.01851],[-78.48332,38.01958],[-78.48287,38.01938],[-78.48367,38.0183],[-78.48411,38.01851]]],[[[-78.48416,38.01938],[-78.48378,38.01921],[-78.48425,38.01858],[-78.48463,38.01876],[-78.48416,38.01938]]],[[[-78.48506,38.01896],[-78.48486,38.01923],[-78.48445,38.01905],[-78.48466,38.01877],[-78.48506,38.01896]]],[[[-78.48484,38.01926],[-78.48461,38.01959],[-78.48419,38.0194],[-78.48443,38.01908],[-78.48484,38.01926]]],[[[-78.4837,38.01933],[-78.48452,38.01971],[-78.4843,38.02002],[-78.48348,38.01964],[-78.4837,38.01933]]],[[[-78.48324,38.01997],[-78.48346,38.01967],[-78.48428,38.02005],[-78.48407,38.02035],[-78.48324,38.01997]]],[[[-78.48314,38.02051],[-78.483,38.02002],[-78.48398,38.02047],[-78.48376,38.02079],[-78.48314,38.02051]]],[[[-78.4851,38.02172],[-78.48431,38.02157],[-78.48403,38.02207],[-78.48317,38.02182],[-78.48426,38.0203],[-78.4851,38.02172]],[[-78.48428,38.02141],[-78.48443,38.02147],[-78.48441,38.02146],[-78.48428,38.02141]]],[[[-78.4845,38.0224],[-78.48414,38.02213],[-78.48434,38.02188],[-78.48492,38.02208],[-78.4845,38.0224]]],[[[-78.4841,38.02325],[-78.48392,38.02346],[-78.48334,38.02328],[-78.48374,38.02273],[-78.4841,38.02325]],[[-78.48377,38.02326],[-78.48377,38.02325],[-78.48386,38.02313],[-78.48377,38.02326],[-78.48377,38.02326]]],[[[-78.48477,38.04188],[-78.48478,38.04147],[-78.48505,38.04151],[-78.48501,38.04203],[-78.48477,38.04188]]],[[[-78.48517,38.0419],[-78.48519,38.04154],[-78.48573,38.0416],[-78.48565,38.04208],[-78.48517,38.0419]]],[[[-78.48486,38.05022],[-78.48538,38.05118],[-78.48345,38.04942],[-78.48416,38.04955],[-78.48486,38.05022]]],[[[-78.48469,38.0512],[-78.48362,38.05146],[-78.48344,38.0503],[-78.48366,38.05039],[-78.48469,38.0512]]],[[[-78.48558,38.05679],[-78.48306,38.05942],[-78.48236,38.05907],[-78.4839,38.05606],[-78.48558,38.05679]]],[[[-78.48273,38.01291],[-78.48224,38.01239],[-78.48103,38.01389],[-78.48199,38.01445],[-78.48182,38.01477],[-78.48024,38.01404],[-78.47924,38.01403],[-78.48236,38.01167],[-78.48273,38.01291]],[[-78.48138,38.01457],[-78.48138,38.01457],[-78.4816,38.01427],[-78.48138,38.01457]]],[[[-78.48261,38.01303],[-78.48216,38.01431],[-78.48139,38.01399],[-78.48219,38.0128],[-78.48261,38.01303]]],[[[-78.48273,38.01398],[-78.4834,38.0145],[-78.48256,38.01666],[-78.48167,38.01616],[-78.48283,38.01576],[-78.48273,38.01398]]],[[[-78.48167,38.01473],[-78.48156,38.01511],[-78.48011,38.01443],[-78.48034,38.01412],[-78.48167,38.01473]]],[[[-78.48143,38.01555],[-78.48162,38.0153],[-78.482,38.01548],[-78.48157,38.01607],[-78.48143,38.01555]]],[[[-78.48201,38.01691],[-78.48187,38.01684],[-78.48137,38.0166],[-78.4816,38.01628],[-78.48254,38.01672],[-78.48201,38.01691]],[[-78.48195,38.01674],[-78.48194,38.01675],[-78.48187,38.01684],[-78.48195,38.01674]],[[-78.48201,38.01664],[-78.48201,38.01664],[-78.48195,38.01674],[-78.48201,38.01664]]],[[[-78.48184,38.01687],[-78.48206,38.01738],[-78.48112,38.01694],[-78.48134,38.01664],[-78.48184,38.01687]]],[[[-78.48319,38.01791],[-78.48276,38.0177],[-78.48218,38.01744],[-78.48356,38.01767],[-78.48319,38.01791]]],[[[-78.48168,38.01737],[-78.4815,38.01815],[-78.48002,38.01748],[-78.48053,38.01682],[-78.48168,38.01737]]],[[[-78.48286,38.01834],[-78.48258,38.01821],[-78.48187,38.01787],[-78.48325,38.01809],[-78.48286,38.01834]]],[[[-78.48309,38.02094],[-78.48251,38.02068],[-78.48274,38.02036],[-78.48373,38.02082],[-78.48309,38.02094]]],[[[-78.48304,38.0215],[-78.48279,38.02138],[-78.48207,38.02105],[-78.48342,38.02127],[-78.48304,38.0215]]],[[[-78.48294,38.02164],[-78.48288,38.02145],[-78.48318,38.02159],[-78.48309,38.02171],[-78.48294,38.02164]]],[[[-78.48184,38.02243],[-78.48109,38.02209],[-78.48132,38.02177],[-78.48261,38.02237],[-78.48184,38.02243]]],[[[-78.48341,38.02292],[-78.4832,38.02321],[-78.48234,38.02295],[-78.48279,38.02233],[-78.48341,38.02292]]],[[[-78.4815,38.02285],[-78.48115,38.02228],[-78.48229,38.0228],[-78.48206,38.02311],[-78.4815,38.02285]]],[[[-78.48167,38.02339],[-78.48154,38.02332],[-78.48063,38.0229],[-78.48204,38.02314],[-78.48167,38.02339]]],[[[-78.48171,38.02357],[-78.4815,38.02387],[-78.48038,38.02336],[-78.4806,38.02306],[-78.48171,38.02357]]],[[[-78.48161,38.0341],[-78.48175,38.03382],[-78.48219,38.03383],[-78.48179,38.03461],[-78.48161,38.0341]]],[[[-78.48222,38.03489],[-78.48167,38.03507],[-78.48234,38.03375],[-78.48271,38.0339],[-78.48222,38.03489]]],[[[-78.48246,38.03449],[-78.48274,38.03391],[-78.48281,38.03394],[-78.48265,38.03419],[-78.48246,38.03449]]],[[[-78.48137,38.03495],[-78.4802,38.03459],[-78.48014,38.03456],[-78.48176,38.03467],[-78.48137,38.03495]]],[[[-78.48157,38.04251],[-78.48113,38.04234],[-78.48207,38.04242],[-78.48186,38.04259],[-78.48157,38.04251]]],[[[-78.48191,38.04264],[-78.4821,38.04246],[-78.48219,38.04285],[-78.48196,38.04287],[-78.48191,38.04264]]],[[[-78.48184,38.04324],[-78.48132,38.04339],[-78.48131,38.04267],[-78.48179,38.0427],[-78.48184,38.04324]]],[[[-78.48198,38.0433],[-78.4822,38.04301],[-78.48198,38.04372],[-78.48186,38.04351],[-78.48198,38.0433]]],[[[-78.48165,38.04378],[-78.4812,38.04379],[-78.48095,38.04376],[-78.48181,38.04353],[-78.48165,38.04378]]],[[[-78.48274,38.04569],[-78.48303,38.04693],[-78.48036,38.04657],[-78.4809,38.0455],[-78.48274,38.04569]]],[[[-78.48165,38.04691],[-78.48158,38.04764],[-78.48036,38.04744],[-78.48038,38.04676],[-78.48165,38.04691]]],[[[-78.48242,38.04735],[-78.4824,38.04803],[-78.48039,38.04801],[-78.48186,38.0476],[-78.48188,38.04696],[-78.48242,38.04735]]],[[[-78.48288,38.05721],[-78.48218,38.05819],[-78.48213,38.05894],[-78.48291,38.05954],[-78.48211,38.06054],[-78.48019,38.05912],[-78.48288,38.05721]]],[[[-78.48103,38.06279],[-78.47848,38.06104],[-78.47846,38.06095],[-78.48188,38.06212],[-78.48103,38.06279]]],[[[-78.48032,38.01471],[-78.48026,38.01506],[-78.47981,38.01486],[-78.48001,38.01457],[-78.48032,38.01471]]],[[[-78.48089,38.01498],[-78.48069,38.01526],[-78.48026,38.01506],[-78.48047,38.01478],[-78.48089,38.01498]]],[[[-78.4811,38.01548],[-78.48104,38.01583],[-78.47959,38.01516],[-78.47979,38.01488],[-78.4811,38.01548]]],[[[-78.48069,38.01526],[-78.48089,38.01498],[-78.48146,38.01524],[-78.48127,38.01552],[-78.48069,38.01526]]],[[[-78.48083,38.01585],[-78.48069,38.01631],[-78.47923,38.01565],[-78.47953,38.01525],[-78.48083,38.01585]]],[[[-78.48105,38.01676],[-78.4806,38.0167],[-78.48111,38.01598],[-78.4815,38.01615],[-78.48105,38.01676]]],[[[-78.48046,38.01663],[-78.47858,38.01578],[-78.47803,38.0161],[-78.47702,38.01541],[-78.47851,38.01535],[-78.48046,38.01663]]],[[[-78.48034,38.01685],[-78.48015,38.01709],[-78.47859,38.01637],[-78.47883,38.01605],[-78.48034,38.01685]]],[[[-78.47968,38.01733],[-78.47914,38.01709],[-78.47869,38.01688],[-78.48013,38.01712],[-78.47968,38.01733]]],[[[-78.48101,38.01851],[-78.48072,38.01838],[-78.47969,38.0179],[-78.48125,38.01819],[-78.48101,38.01851]]],[[[-78.48076,38.01884],[-78.48031,38.01863],[-78.47945,38.01824],[-78.481,38.01853],[-78.48076,38.01884]]],[[[-78.47972,38.01895],[-78.47936,38.01836],[-78.48068,38.01896],[-78.48045,38.01928],[-78.47972,38.01895]]],[[[-78.4806,38.01938],[-78.48037,38.01969],[-78.47889,38.01901],[-78.47911,38.0187],[-78.4806,38.01938]]],[[[-78.47916,38.01973],[-78.47879,38.01914],[-78.48027,38.01982],[-78.48004,38.02013],[-78.47916,38.01973]]],[[[-78.47995,38.02156],[-78.47958,38.02097],[-78.48074,38.02151],[-78.48051,38.02182],[-78.47995,38.02156]]],[[[-78.47999,38.02174],[-78.47991,38.02212],[-78.47948,38.02192],[-78.47971,38.02161],[-78.47999,38.02174]]],[[[-78.48058,38.02201],[-78.48038,38.02224],[-78.47991,38.02212],[-78.48014,38.02181],[-78.48058,38.02201]]],[[[-78.48009,38.0224],[-78.47996,38.02258],[-78.47967,38.02245],[-78.47989,38.02215],[-78.48009,38.0224]]],[[[-78.4807,38.02394],[-78.48037,38.02339],[-78.48148,38.0239],[-78.48126,38.02419],[-78.4807,38.02394]]],[[[-78.48073,38.02413],[-78.48096,38.02465],[-78.47993,38.02418],[-78.48016,38.02387],[-78.48073,38.02413]]],[[[-78.48042,38.02485],[-78.47966,38.0245],[-78.47987,38.02419],[-78.48093,38.02468],[-78.48042,38.02485]]],[[[-78.48041,38.02501],[-78.4804,38.02542],[-78.47937,38.02476],[-78.47948,38.02459],[-78.48041,38.02501]]],[[[-78.47958,38.02549],[-78.47936,38.02498],[-78.48039,38.02545],[-78.48018,38.02575],[-78.47958,38.02549]]],[[[-78.47956,38.02608],[-78.47878,38.02572],[-78.47901,38.02541],[-78.48005,38.02589],[-78.47956,38.02608]]],[[[-78.47954,38.03411],[-78.47961,38.03315],[-78.48029,38.03335],[-78.47993,38.03408],[-78.47954,38.03411]]],[[[-78.48091,38.03386],[-78.48055,38.03424],[-78.48028,38.03418],[-78.48061,38.03383],[-78.48078,38.03339],[-78.48091,38.03386]]],[[[-78.48032,38.03354],[-78.48037,38.03341],[-78.48069,38.03351],[-78.48056,38.03378],[-78.48032,38.03354]]],[[[-78.48157,38.03406],[-78.48101,38.03437],[-78.48119,38.03351],[-78.4817,38.03381],[-78.48157,38.03406]]],[[[-78.48115,38.04339],[-78.48087,38.0435],[-78.48093,38.04239],[-78.48124,38.04257],[-78.48115,38.04339]]],[[[-78.47977,38.04707],[-78.48016,38.04638],[-78.48025,38.04802],[-78.48004,38.04802],[-78.47977,38.04707]]],[[[-78.4803,38.05651],[-78.48102,38.05719],[-78.48,38.05904],[-78.47818,38.05713],[-78.4803,38.05651]]],[[[-78.48085,38.06296],[-78.47986,38.06386],[-78.47942,38.0646],[-78.47827,38.06267],[-78.47551,38.06208],[-78.48085,38.06296]]],[[[-78.4792,38.01409],[-78.4799,38.01451],[-78.47968,38.01481],[-78.47866,38.01435],[-78.4792,38.01409]]],[[[-78.47966,38.01483],[-78.47947,38.0151],[-78.47864,38.01453],[-78.47873,38.01442],[-78.47966,38.01483]]],[[[-78.47854,38.01533],[-78.47866,38.01487],[-78.4794,38.01519],[-78.47911,38.01559],[-78.47854,38.01533]]],[[[-78.47965,38.01747],[-78.47957,38.01785],[-78.47837,38.01732],[-78.47861,38.017],[-78.47965,38.01747]]],[[[-78.47874,38.01792],[-78.47845,38.01779],[-78.47784,38.0175],[-78.47955,38.01788],[-78.47874,38.01792]]],[[[-78.47842,38.01836],[-78.47596,38.01722],[-78.47595,38.01689],[-78.47924,38.0183],[-78.47842,38.01836]]],[[[-78.47818,38.01869],[-78.47578,38.0176],[-78.47596,38.01726],[-78.47898,38.01865],[-78.47818,38.01869]]],[[[-78.47849,38.0209],[-78.47799,38.02025],[-78.47945,38.02091],[-78.47922,38.02123],[-78.47849,38.0209]]],[[[-78.47891,38.02166],[-78.47846,38.02146],[-78.47744,38.021],[-78.47767,38.02068],[-78.47891,38.02166]]],[[[-78.47942,38.02148],[-78.47948,38.02192],[-78.47904,38.02171],[-78.47927,38.02141],[-78.47942,38.02148]]],[[[-78.47823,38.02179],[-78.47736,38.0214],[-78.47721,38.02132],[-78.4789,38.02168],[-78.47823,38.02179]]],[[[-78.47901,38.02174],[-78.4796,38.02201],[-78.47938,38.02232],[-78.47879,38.02205],[-78.47901,38.02174]]],[[[-78.47953,38.02238],[-78.47938,38.02232],[-78.4796,38.02201],[-78.47975,38.02208],[-78.47953,38.02238]]],[[[-78.47989,38.02215],[-78.47967,38.02245],[-78.47953,38.02238],[-78.47975,38.02208],[-78.47989,38.02215]]],[[[-78.47938,38.0229],[-78.47927,38.02285],[-78.47846,38.02248],[-78.47972,38.02264],[-78.47938,38.0229]]],[[[-78.47903,38.02318],[-78.47822,38.02281],[-78.47844,38.0225],[-78.47961,38.02304],[-78.47903,38.02318]]],[[[-78.47929,38.02348],[-78.47921,38.02385],[-78.4779,38.02325],[-78.47813,38.02294],[-78.47929,38.02348]]],[[[-78.47855,38.02396],[-78.47807,38.02374],[-78.47768,38.02356],[-78.47905,38.02381],[-78.47855,38.02396]]],[[[-78.47899,38.02624],[-78.47837,38.02596],[-78.47859,38.02567],[-78.47921,38.02595],[-78.47899,38.02624]]],[[[-78.47938,38.02603],[-78.47917,38.02632],[-78.47899,38.02624],[-78.47921,38.02595],[-78.47938,38.02603]]],[[[-78.47948,38.02608],[-78.47979,38.02622],[-78.47956,38.02651],[-78.47917,38.02632],[-78.47948,38.02608]]],[[[-78.47922,38.02693],[-78.47877,38.02673],[-78.47815,38.02644],[-78.47846,38.02617],[-78.47922,38.02693]]],[[[-78.47903,38.0333],[-78.47907,38.03321],[-78.47941,38.03331],[-78.47937,38.0334],[-78.47903,38.0333]]],[[[-78.47896,38.03424],[-78.47866,38.03488],[-78.4781,38.03485],[-78.47843,38.03375],[-78.47896,38.03424]]],[[[-78.47962,38.03473],[-78.47902,38.03611],[-78.47844,38.03577],[-78.47906,38.0343],[-78.47962,38.03473]]],[[[-78.47933,38.03681],[-78.47842,38.03796],[-78.4774,38.03703],[-78.4785,38.03726],[-78.47832,38.03589],[-78.47933,38.03681]]],[[[-78.47937,38.04181],[-78.48015,38.04215],[-78.47796,38.04441],[-78.47712,38.04199],[-78.47937,38.04181]]],[[[-78.47885,38.0425],[-78.47878,38.04212],[-78.47936,38.04239],[-78.47919,38.04267],[-78.47885,38.0425]]],[[[-78.47924,38.05541],[-78.47808,38.05705],[-78.47724,38.05663],[-78.47931,38.05468],[-78.47924,38.05541]]],[[[-78.47922,38.06001],[-78.47803,38.05929],[-78.47541,38.06188],[-78.47799,38.05729],[-78.47922,38.06001]]],[[[-78.47807,38.0162],[-78.47803,38.0161],[-78.47834,38.01602],[-78.47838,38.01612],[-78.47807,38.0162]]],[[[-78.47806,38.01663],[-78.47748,38.01682],[-78.47761,38.01674],[-78.47737,38.01613],[-78.47806,38.01663]]],[[[-78.4786,38.01654],[-78.47841,38.01675],[-78.47808,38.01623],[-78.47839,38.01615],[-78.4786,38.01654]]],[[[-78.47744,38.01649],[-78.47722,38.0168],[-78.47663,38.01653],[-78.4769,38.01616],[-78.47744,38.01649]]],[[[-78.47837,38.01689],[-78.47826,38.01722],[-78.47801,38.01711],[-78.47824,38.01686],[-78.47837,38.01689]]],[[[-78.47701,38.01713],[-78.47662,38.01655],[-78.47794,38.01715],[-78.47772,38.01745],[-78.47701,38.01713]]],[[[-78.47867,38.01909],[-78.47845,38.01939],[-78.47698,38.01872],[-78.4772,38.01841],[-78.47867,38.01909]]],[[[-78.47748,38.02043],[-78.47633,38.0199],[-78.47469,38.01915],[-78.47787,38.02019],[-78.47748,38.02043]]],[[[-78.47689,38.02071],[-78.47645,38.02052],[-78.47585,38.02024],[-78.47755,38.02062],[-78.47689,38.02071]]],[[[-78.47753,38.02205],[-78.47711,38.02144],[-78.47857,38.02212],[-78.47834,38.02242],[-78.47753,38.02205]]],[[[-78.47809,38.02234],[-78.47809,38.02276],[-78.47664,38.02209],[-78.47687,38.02178],[-78.47809,38.02234]]],[[[-78.47689,38.02279],[-78.47655,38.02222],[-78.478,38.02288],[-78.47777,38.02319],[-78.47689,38.02279]]],[[[-78.47725,38.02337],[-78.47652,38.02305],[-78.47609,38.02286],[-78.47775,38.02322],[-78.47725,38.02337]]],[[[-78.47799,38.02432],[-78.47734,38.02402],[-78.47756,38.02371],[-78.47837,38.02409],[-78.47799,38.02432]]],[[[-78.47753,38.02455],[-78.47732,38.02405],[-78.47813,38.02441],[-78.47791,38.02472],[-78.47753,38.02455]]],[[[-78.47843,38.02453],[-78.47825,38.02444],[-78.47848,38.02414],[-78.47865,38.02421],[-78.47843,38.02453]]],[[[-78.47861,38.02464],[-78.47839,38.02495],[-78.47801,38.02477],[-78.47823,38.02447],[-78.47861,38.02464]]],[[[-78.47698,38.02489],[-78.477,38.02449],[-78.4778,38.02486],[-78.47758,38.02516],[-78.47698,38.02489]]],[[[-78.47828,38.02508],[-78.47806,38.02539],[-78.47769,38.02521],[-78.47791,38.02491],[-78.47828,38.02508]]],[[[-78.47783,38.02571],[-78.47745,38.02554],[-78.47767,38.02524],[-78.47805,38.02541],[-78.47783,38.02571]]],[[[-78.47707,38.02595],[-78.47622,38.02556],[-78.47642,38.02525],[-78.47764,38.0258],[-78.47707,38.02595]]],[[[-78.47698,38.02635],[-78.47651,38.02614],[-78.47619,38.02559],[-78.47744,38.02616],[-78.47698,38.02635]]],[[[-78.47723,38.03367],[-78.47685,38.03356],[-78.47698,38.03326],[-78.47754,38.03343],[-78.47723,38.03367]]],[[[-78.47756,38.03372],[-78.47765,38.03345],[-78.47832,38.03371],[-78.4782,38.03396],[-78.47756,38.03372]]],[[[-78.47708,38.03408],[-78.47723,38.03377],[-78.47764,38.0339],[-78.4775,38.03419],[-78.47708,38.03408]]],[[[-78.47789,38.03455],[-78.47752,38.0346],[-78.4777,38.03392],[-78.47804,38.03408],[-78.47789,38.03455]]],[[[-78.4774,38.03479],[-78.47681,38.03446],[-78.47698,38.0341],[-78.47748,38.03424],[-78.4774,38.03479]]],[[[-78.47797,38.03523],[-78.47818,38.03584],[-78.47738,38.03543],[-78.47646,38.03533],[-78.47797,38.03523]]],[[[-78.47723,38.03549],[-78.47786,38.03649],[-78.47621,38.03659],[-78.47637,38.03539],[-78.47723,38.03549]]],[[[-78.47807,38.03805],[-78.47698,38.04069],[-78.47452,38.04203],[-78.4724,38.04033],[-78.47807,38.03805]]],[[[-78.47788,38.05716],[-78.4764,38.05863],[-78.47552,38.06056],[-78.47261,38.05904],[-78.47788,38.05716]]],[[[-78.47834,38.06294],[-78.47821,38.06432],[-78.47776,38.06429],[-78.47706,38.06274],[-78.47834,38.06294]]],[[[-78.47678,38.01822],[-78.47686,38.01866],[-78.47549,38.01804],[-78.47571,38.01773],[-78.47678,38.01822]]],[[[-78.4773,38.02097],[-78.4771,38.02125],[-78.47561,38.02057],[-78.47583,38.02027],[-78.4773,38.02097]]],[[[-78.47603,38.02137],[-78.47551,38.02071],[-78.47699,38.02139],[-78.47677,38.0217],[-78.47603,38.02137]]],[[[-78.4759,38.02176],[-78.47503,38.02136],[-78.47526,38.02105],[-78.47675,38.02172],[-78.4759,38.02176]]],[[[-78.47619,38.02246],[-78.47589,38.02233],[-78.47473,38.02178],[-78.47642,38.02216],[-78.47619,38.02246]]],[[[-78.47607,38.02261],[-78.47593,38.02279],[-78.47463,38.02193],[-78.47616,38.02249],[-78.47607,38.02261]]],[[[-78.47641,38.02319],[-78.47693,38.02354],[-78.47742,38.02365],[-78.47575,38.02329],[-78.47641,38.02319]]],[[[-78.47632,38.02359],[-78.47687,38.02384],[-78.47718,38.02399],[-78.47552,38.02362],[-78.47632,38.02359]]],[[[-78.4765,38.02467],[-78.47619,38.02452],[-78.4752,38.02406],[-78.47686,38.02443],[-78.4765,38.02467]]],[[[-78.47626,38.02459],[-78.47663,38.02476],[-78.47641,38.02505],[-78.47595,38.02484],[-78.47626,38.02459]]],[[[-78.47629,38.02519],[-78.47607,38.02549],[-78.47582,38.02518],[-78.47599,38.02506],[-78.47629,38.02519]]],[[[-78.47612,38.02577],[-78.47653,38.0264],[-78.47684,38.02703],[-78.47566,38.0258],[-78.47612,38.02577]]],[[[-78.47582,38.02687],[-78.4755,38.02689],[-78.47588,38.02626],[-78.47603,38.02651],[-78.47582,38.02687]]],[[[-78.47726,38.02667],[-78.4769,38.02689],[-78.47666,38.0264],[-78.47695,38.02653],[-78.47726,38.02667]]],[[[-78.4758,38.02716],[-78.47594,38.02684],[-78.47609,38.0266],[-78.4764,38.02709],[-78.4758,38.02716]]],[[[-78.47548,38.02757],[-78.47487,38.0273],[-78.4767,38.02713],[-78.47676,38.02741],[-78.47548,38.02757]]],[[[-78.47618,38.03706],[-78.47601,38.037],[-78.47604,38.03667],[-78.47627,38.03669],[-78.47618,38.03706]]],[[[-78.47624,38.04286],[-78.4755,38.04263],[-78.47746,38.04141],[-78.47636,38.04273],[-78.47624,38.04286]]],[[[-78.47572,38.05713],[-78.47547,38.05699],[-78.47479,38.05629],[-78.47641,38.05657],[-78.47572,38.05713]]],[[[-78.47534,38.06323],[-78.47355,38.06225],[-78.47412,38.06161],[-78.47384,38.06054],[-78.47534,38.06323]]],[[[-78.47723,38.06514],[-78.4765,38.06615],[-78.47477,38.06569],[-78.4757,38.06429],[-78.47723,38.06514]]],[[[-78.47502,38.06734],[-78.47486,38.06868],[-78.4729,38.07008],[-78.47103,38.06973],[-78.47229,38.0698],[-78.47419,38.06867],[-78.47467,38.06589],[-78.47641,38.06626],[-78.47609,38.06673],[-78.47502,38.06734]],[[-78.47557,38.06684],[-78.4753,38.06667],[-78.4751,38.06654],[-78.47571,38.06693],[-78.47557,38.06684]]],[[[-78.47576,38.01721],[-78.47561,38.01752],[-78.47385,38.0167],[-78.47407,38.0164],[-78.47576,38.01721]]],[[[-78.47535,38.01757],[-78.47528,38.01794],[-78.47381,38.01726],[-78.47403,38.01696],[-78.47535,38.01757]]],[[[-78.47432,38.01898],[-78.47306,38.0184],[-78.4731,38.01823],[-78.47471,38.01874],[-78.47432,38.01898]]],[[[-78.47388,38.01935],[-78.47293,38.01892],[-78.47302,38.01854],[-78.47437,38.01916],[-78.47388,38.01935]]],[[[-78.47559,38.02012],[-78.475,38.01985],[-78.47439,38.01958],[-78.47596,38.01988],[-78.47559,38.02012]]],[[[-78.47394,38.01982],[-78.47289,38.01934],[-78.47292,38.01896],[-78.47413,38.0195],[-78.47394,38.01982]]],[[[-78.47511,38.01994],[-78.47549,38.02052],[-78.47419,38.01993],[-78.47437,38.01961],[-78.47511,38.01994]]],[[[-78.47507,38.02052],[-78.47517,38.02096],[-78.47413,38.02009],[-78.47478,38.02039],[-78.47507,38.02052]]],[[[-78.47491,38.02131],[-78.47414,38.02095],[-78.4741,38.0205],[-78.47514,38.02098],[-78.47491,38.02131]]],[[[-78.4745,38.02177],[-78.47427,38.02135],[-78.47421,38.02113],[-78.47481,38.02142],[-78.4745,38.02177]]],[[[-78.47445,38.02332],[-78.4747,38.02343],[-78.47527,38.0237],[-78.47357,38.02332],[-78.47445,38.02332]]],[[[-78.47412,38.02604],[-78.47342,38.02621],[-78.47421,38.02489],[-78.47472,38.02508],[-78.47412,38.02604]]],[[[-78.47462,38.0255],[-78.47482,38.02517],[-78.47528,38.02534],[-78.47506,38.02568],[-78.47462,38.0255]]],[[[-78.47495,38.02669],[-78.47434,38.02691],[-78.47573,38.02546],[-78.47527,38.0262],[-78.47495,38.02669]]],[[[-78.47439,38.02587],[-78.47459,38.02555],[-78.47504,38.02573],[-78.47484,38.02604],[-78.47439,38.02587]]],[[[-78.47552,38.02678],[-78.47478,38.02721],[-78.47563,38.02585],[-78.47586,38.02622],[-78.47552,38.02678]],[[-78.47508,38.02691],[-78.47514,38.02693],[-78.47499,38.02689],[-78.47508,38.02691]]],[[[-78.47425,38.02609],[-78.47436,38.02592],[-78.47481,38.02609],[-78.4746,38.02643],[-78.47425,38.02609]]],[[[-78.47391,38.02663],[-78.47412,38.02629],[-78.47458,38.02647],[-78.47437,38.02681],[-78.47391,38.02663]]],[[[-78.47417,38.0345],[-78.47429,38.0364],[-78.47108,38.03661],[-78.47299,38.03416],[-78.47417,38.0345]],[[-78.4731,38.03448],[-78.47316,38.03448],[-78.47316,38.03448],[-78.4731,38.03448]],[[-78.47313,38.03462],[-78.47309,38.03476],[-78.47316,38.03448],[-78.47313,38.03462]],[[-78.47374,38.03526],[-78.47371,38.03526],[-78.47368,38.03525],[-78.47374,38.03526]]],[[[-78.47435,38.03699],[-78.47428,38.03731],[-78.47369,38.03715],[-78.47349,38.03751],[-78.47165,38.03683],[-78.47435,38.03699]]],[[[-78.47376,38.03823],[-78.47262,38.03935],[-78.47208,38.03909],[-78.4738,38.03729],[-78.47376,38.03823]]],[[[-78.47464,38.03776],[-78.4731,38.03958],[-78.47267,38.03937],[-78.47371,38.0384],[-78.47415,38.03761],[-78.47464,38.03776]]],[[[-78.47509,38.05487],[-78.47567,38.05539],[-78.47405,38.05518],[-78.47403,38.05483],[-78.47509,38.05487]],[[-78.4751,38.05492],[-78.4751,38.05492],[-78.4751,38.05491],[-78.4751,38.05492]]],[[[-78.47402,38.06354],[-78.47261,38.0633],[-78.47255,38.06321],[-78.47462,38.0633],[-78.47402,38.06354]]],[[[-78.47547,38.0643],[-78.47283,38.06928],[-78.47185,38.06966],[-78.4728,38.06347],[-78.47547,38.0643]]],[[[-78.47388,38.02006],[-78.47368,38.02062],[-78.47294,38.01955],[-78.4739,38.01998],[-78.47388,38.02006]]],[[[-78.47157,38.02039],[-78.47106,38.02062],[-78.4693,38.01911],[-78.47246,38.0199],[-78.47157,38.02039]]],[[[-78.47203,38.02044],[-78.47237,38.02045],[-78.4723,38.02272],[-78.47184,38.02173],[-78.47203,38.02044]]],[[[-78.47357,38.02125],[-78.47381,38.02092],[-78.47412,38.02149],[-78.47357,38.02125]]],[[[-78.47186,38.02302],[-78.47039,38.02231],[-78.47167,38.02052],[-78.47167,38.02186],[-78.47228,38.02302],[-78.47186,38.02302]],[[-78.47116,38.02243],[-78.47116,38.02243],[-78.47117,38.02227],[-78.47116,38.02243],[-78.47116,38.02243]]],[[[-78.47237,38.02444],[-78.47203,38.02496],[-78.47161,38.02478],[-78.47194,38.02427],[-78.47237,38.02444]]],[[[-78.47172,38.02542],[-78.47143,38.02587],[-78.47099,38.02574],[-78.47155,38.02488],[-78.47172,38.02542]]],[[[-78.47339,38.0376],[-78.47197,38.03904],[-78.46989,38.03806],[-78.46922,38.03847],[-78.47181,38.04001],[-78.46926,38.0389],[-78.46774,38.03876],[-78.46968,38.03689],[-78.47082,38.03753],[-78.47339,38.0376]],[[-78.46934,38.03777],[-78.46939,38.03779],[-78.46939,38.03779],[-78.46934,38.03777]],[[-78.46876,38.03834],[-78.46876,38.03834],[-78.46882,38.03828],[-78.46876,38.03834]],[[-78.46857,38.03853],[-78.46856,38.03854],[-78.46876,38.03834],[-78.46857,38.03853]],[[-78.46901,38.03809],[-78.4689,38.0382],[-78.46882,38.03828],[-78.46901,38.03809]]],[[[-78.47251,38.03942],[-78.47302,38.03966],[-78.47184,38.04002],[-78.47233,38.03959],[-78.47251,38.03942]]],[[[-78.47222,38.05354],[-78.4723,38.05538],[-78.47068,38.05536],[-78.46774,38.05898],[-78.47227,38.05285],[-78.47222,38.05354]]],[[[-78.47294,38.05593],[-78.47247,38.05675],[-78.47051,38.05581],[-78.47107,38.05538],[-78.47294,38.05593]]],[[[-78.4723,38.05691],[-78.47144,38.05755],[-78.47001,38.05655],[-78.47044,38.05594],[-78.4723,38.05691]]],[[[-78.47388,38.05767],[-78.47245,38.05892],[-78.4716,38.05766],[-78.47285,38.05672],[-78.47388,38.05767]]],[[[-78.47245,38.05913],[-78.47348,38.06005],[-78.4737,38.06191],[-78.4685,38.05873],[-78.47245,38.05913]]],[[[-78.47236,38.06318],[-78.47048,38.062],[-78.47065,38.06123],[-78.46985,38.06066],[-78.46787,38.06055],[-78.46563,38.06259],[-78.46719,38.06008],[-78.47048,38.06018],[-78.47236,38.06318]]],[[[-78.47221,38.06681],[-78.47011,38.06725],[-78.46973,38.0679],[-78.4691,38.06704],[-78.47221,38.06681]]],[[[-78.46959,38.01574],[-78.46982,38.01544],[-78.47018,38.01547],[-78.46996,38.01609],[-78.46959,38.01574]]],[[[-78.47009,38.01729],[-78.46965,38.01788],[-78.46864,38.01706],[-78.46942,38.01598],[-78.47009,38.01729]]],[[[-78.47095,38.02075],[-78.46977,38.02212],[-78.46938,38.01955],[-78.46944,38.01955],[-78.47095,38.02075]]],[[[-78.47021,38.02471],[-78.47052,38.02525],[-78.46963,38.02462],[-78.47027,38.02355],[-78.47021,38.02471]]],[[[-78.4706,38.02427],[-78.47083,38.0239],[-78.47126,38.02407],[-78.4708,38.02484],[-78.4706,38.02427]]],[[[-78.47098,38.0249],[-78.47131,38.02409],[-78.47176,38.02426],[-78.47127,38.02501],[-78.47098,38.0249]],[[-78.4713,38.02439],[-78.4713,38.02439],[-78.47134,38.02433],[-78.4713,38.02439]]],[[[-78.47101,38.02542],[-78.47051,38.02531],[-78.47074,38.02493],[-78.4712,38.02512],[-78.47101,38.02542]]],[[[-78.47135,38.02877],[-78.47107,38.02926],[-78.46932,38.0285],[-78.46965,38.028],[-78.47135,38.02877]]],[[[-78.46964,38.02889],[-78.4698,38.02968],[-78.47111,38.03008],[-78.47081,38.03061],[-78.46894,38.02996],[-78.46964,38.02889]],[[-78.46988,38.02953],[-78.46987,38.02954],[-78.46985,38.02959],[-78.46988,38.02953]],[[-78.47041,38.02999],[-78.47056,38.03004],[-78.47041,38.02999],[-78.47041,38.02999]]],[[[-78.47019,38.02971],[-78.47031,38.02913],[-78.4708,38.02929],[-78.4705,38.02982],[-78.47019,38.02971]]],[[[-78.47059,38.03098],[-78.4699,38.03078],[-78.46975,38.03066],[-78.47076,38.03072],[-78.47059,38.03098]]],[[[-78.46967,38.03431],[-78.47052,38.03451],[-78.46924,38.03715],[-78.46802,38.03658],[-78.46967,38.03431]],[[-78.46871,38.03674],[-78.46872,38.03675],[-78.46812,38.03646],[-78.46871,38.03674]],[[-78.46917,38.03614],[-78.46925,38.03618],[-78.46871,38.03595],[-78.46917,38.03614]],[[-78.46909,38.03628],[-78.4691,38.03628],[-78.46873,38.03611],[-78.46909,38.03628]],[[-78.46897,38.03645],[-78.46896,38.03645],[-78.46896,38.03645],[-78.46897,38.03645]]],[[[-78.47101,38.03472],[-78.47084,38.03498],[-78.47047,38.03482],[-78.47064,38.03457],[-78.47101,38.03472]]],[[[-78.47005,38.03656],[-78.47019,38.03703],[-78.46963,38.03688],[-78.46991,38.03651],[-78.47005,38.03656]]],[[[-78.47077,38.03988],[-78.47112,38.04077],[-78.46909,38.03976],[-78.46779,38.03931],[-78.47077,38.03988]]],[[[-78.47019,38.04174],[-78.46782,38.04057],[-78.46835,38.03968],[-78.47095,38.0408],[-78.47019,38.04174]]],[[[-78.46933,38.04191],[-78.46957,38.04163],[-78.47027,38.04193],[-78.47002,38.04225],[-78.46933,38.04191]]],[[[-78.46925,38.04359],[-78.4667,38.04277],[-78.46456,38.04258],[-78.46632,38.04229],[-78.46989,38.04341],[-78.46925,38.04359]]],[[[-78.47052,38.06141],[-78.46897,38.06525],[-78.46863,38.06523],[-78.46735,38.06394],[-78.47052,38.06141]]],[[[-78.46961,38.06626],[-78.46953,38.06595],[-78.47015,38.06573],[-78.47029,38.0663],[-78.46961,38.06626]]],[[[-78.47188,38.06735],[-78.47144,38.06764],[-78.47135,38.06725],[-78.47164,38.06724],[-78.47188,38.06735]]],[[[-78.47066,38.06736],[-78.47135,38.06725],[-78.47144,38.06764],[-78.47076,38.06775],[-78.47066,38.06736]]],[[[-78.47066,38.06736],[-78.47076,38.06775],[-78.4704,38.0678],[-78.47031,38.06746],[-78.47066,38.06736]]],[[[-78.46967,38.01542],[-78.46958,38.01554],[-78.46927,38.01545],[-78.46934,38.01533],[-78.46967,38.01542]]],[[[-78.46892,38.01647],[-78.46793,38.01787],[-78.4677,38.01784],[-78.46707,38.01822],[-78.46892,38.01647]]],[[[-78.46949,38.01821],[-78.46912,38.01913],[-78.46766,38.01847],[-78.46857,38.01717],[-78.46949,38.01821]]],[[[-78.46844,38.01984],[-78.46706,38.01923],[-78.46755,38.01854],[-78.46906,38.01922],[-78.46844,38.01984]]],[[[-78.4693,38.01977],[-78.46921,38.02024],[-78.46867,38.01999],[-78.46916,38.0193],[-78.4693,38.01977]]],[[[-78.46816,38.02027],[-78.46723,38.01985],[-78.46676,38.01963],[-78.46849,38.02001],[-78.46816,38.02027]]],[[[-78.46858,38.02006],[-78.4692,38.02034],[-78.46913,38.0207],[-78.46837,38.02036],[-78.46858,38.02006]]],[[[-78.46882,38.02102],[-78.46814,38.02071],[-78.46835,38.0204],[-78.46916,38.02076],[-78.46882,38.02102]]],[[[-78.4693,38.0218],[-78.46855,38.02146],[-78.46782,38.02113],[-78.46804,38.02084],[-78.4693,38.0218]]],[[[-78.46928,38.02822],[-78.46908,38.02844],[-78.46704,38.02787],[-78.46733,38.02747],[-78.46928,38.02822]]],[[[-78.46812,38.02877],[-78.46802,38.02963],[-78.46629,38.02895],[-78.46697,38.02799],[-78.46812,38.02877]]],[[[-78.46952,38.0289],[-78.46886,38.02993],[-78.46824,38.02971],[-78.46853,38.02837],[-78.46952,38.0289]]],[[[-78.46947,38.03027],[-78.46884,38.03148],[-78.4659,38.0307],[-78.46902,38.03114],[-78.46947,38.03027]]],[[[-78.46786,38.03327],[-78.46792,38.03233],[-78.46862,38.03262],[-78.4681,38.03337],[-78.46786,38.03327]]],[[[-78.46822,38.03399],[-78.46774,38.03471],[-78.4672,38.03438],[-78.46787,38.0334],[-78.46822,38.03399]]],[[[-78.46812,38.03443],[-78.46861,38.0337],[-78.46906,38.03389],[-78.46829,38.03505],[-78.46812,38.03443]]],[[[-78.46846,38.0349],[-78.46912,38.03391],[-78.46957,38.03411],[-78.46874,38.03534],[-78.46846,38.0349]]],[[[-78.46901,38.03737],[-78.46849,38.03774],[-78.46848,38.03787],[-78.46792,38.03841],[-78.46755,38.03872],[-78.46626,38.03822],[-78.46901,38.03737]],[[-78.46853,38.03696],[-78.46873,38.03706],[-78.46795,38.03668],[-78.46853,38.03696]],[[-78.46837,38.03795],[-78.46838,38.03796],[-78.46814,38.03785],[-78.46837,38.03795],[-78.46837,38.03795]],[[-78.46796,38.03755],[-78.46793,38.03757],[-78.46796,38.03755],[-78.46796,38.03755]],[[-78.4681,38.03742],[-78.46806,38.03746],[-78.46811,38.03741],[-78.4681,38.03742]],[[-78.46811,38.03741],[-78.46811,38.03741],[-78.46832,38.03719],[-78.46811,38.03741],[-78.46811,38.03741]],[[-78.46831,38.03718],[-78.46832,38.03718],[-78.46848,38.03725],[-78.46831,38.03718]],[[-78.46689,38.03814],[-78.4669,38.03815],[-78.46686,38.03813],[-78.46689,38.03814]],[[-78.46761,38.03783],[-78.46762,38.03782],[-78.46762,38.03782],[-78.46761,38.03783]],[[-78.46778,38.03769],[-78.46778,38.03769],[-78.46777,38.0377],[-78.46778,38.03769],[-78.46778,38.03769]]],[[[-78.46918,38.04181],[-78.46804,38.04226],[-78.46661,38.04188],[-78.46687,38.04031],[-78.46527,38.04079],[-78.46718,38.0392],[-78.46722,38.04148],[-78.46918,38.04181]]],[[[-78.46962,38.04387],[-78.46819,38.04581],[-78.46589,38.04508],[-78.46707,38.04304],[-78.46962,38.04387]],[[-78.46872,38.04404],[-78.46866,38.04413],[-78.46881,38.04389],[-78.46872,38.04404]]],[[[-78.46868,38.06143],[-78.46735,38.06375],[-78.46702,38.06359],[-78.4679,38.06068],[-78.46868,38.06143]]],[[[-78.46713,38.01831],[-78.46765,38.01797],[-78.46786,38.01796],[-78.46721,38.01881],[-78.46713,38.01831]]],[[[-78.46622,38.01896],[-78.46671,38.01858],[-78.4672,38.01883],[-78.46693,38.01919],[-78.46622,38.01896]]],[[[-78.46629,38.01948],[-78.46591,38.01909],[-78.46686,38.01928],[-78.46665,38.01959],[-78.46629,38.01948]]],[[[-78.46791,38.0202],[-78.46801,38.02067],[-78.4665,38.01999],[-78.46673,38.01967],[-78.46791,38.0202]]],[[[-78.46635,38.0268],[-78.4658,38.02658],[-78.46621,38.02596],[-78.46683,38.02621],[-78.46635,38.0268]]],[[[-78.46805,38.02978],[-78.46764,38.03052],[-78.46632,38.03003],[-78.46672,38.0293],[-78.46805,38.02978]]],[[[-78.46661,38.03281],[-78.46623,38.03228],[-78.46755,38.03269],[-78.4673,38.03306],[-78.46661,38.03281]]],[[[-78.46771,38.03334],[-78.46689,38.03453],[-78.46675,38.03344],[-78.46616,38.03322],[-78.46518,38.0338],[-78.46594,38.0327],[-78.46771,38.03334]]],[[[-78.46793,38.03639],[-78.46595,38.03812],[-78.46454,38.03708],[-78.46714,38.03449],[-78.46793,38.03639]]],[[[-78.46772,38.04626],[-78.46586,38.04622],[-78.46545,38.04585],[-78.46589,38.04525],[-78.46772,38.04626]]],[[[-78.46505,38.02002],[-78.4644,38.02007],[-78.46578,38.01919],[-78.46574,38.0198],[-78.46505,38.02002]]],[[[-78.46632,38.01991],[-78.46588,38.01983],[-78.4659,38.01948],[-78.46662,38.01962],[-78.46632,38.01991]]],[[[-78.46529,38.02476],[-78.46446,38.02511],[-78.46539,38.02325],[-78.46603,38.02351],[-78.46529,38.02476]]],[[[-78.46459,38.02469],[-78.46436,38.02507],[-78.46377,38.02484],[-78.46421,38.02405],[-78.46459,38.02469]]],[[[-78.46594,38.02607],[-78.46574,38.02639],[-78.4634,38.02545],[-78.46372,38.02495],[-78.46594,38.02607]]],[[[-78.46525,38.02624],[-78.46543,38.02688],[-78.46309,38.02594],[-78.46338,38.02549],[-78.46525,38.02624]]],[[[-78.46512,38.02738],[-78.46417,38.02699],[-78.46361,38.02717],[-78.4641,38.0265],[-78.46512,38.02738]]],[[[-78.46564,38.02894],[-78.46484,38.02928],[-78.46438,38.02909],[-78.46501,38.02812],[-78.46564,38.02894]]],[[[-78.46403,38.02833],[-78.46221,38.02756],[-78.463,38.02606],[-78.46316,38.02767],[-78.46471,38.02828],[-78.46382,38.02963],[-78.46403,38.02833]]],[[[-78.46639,38.02962],[-78.46624,38.02988],[-78.46576,38.02971],[-78.46623,38.02904],[-78.46639,38.02962]]],[[[-78.46398,38.02971],[-78.4643,38.02921],[-78.46476,38.0294],[-78.46444,38.02989],[-78.46398,38.02971]]],[[[-78.46581,38.03046],[-78.46578,38.03075],[-78.46631,38.03135],[-78.4653,38.03038],[-78.46576,38.02971],[-78.46581,38.03046]]],[[[-78.46515,38.03266],[-78.46559,38.03232],[-78.46593,38.03248],[-78.46567,38.03286],[-78.46515,38.03266]]],[[[-78.46471,38.0336],[-78.46379,38.0332],[-78.46563,38.03292],[-78.46507,38.03375],[-78.46471,38.0336]]],[[[-78.46626,38.0333],[-78.46673,38.03347],[-78.46621,38.03425],[-78.46576,38.03405],[-78.46626,38.0333]]],[[[-78.46402,38.03439],[-78.4642,38.03354],[-78.46498,38.03388],[-78.46447,38.03459],[-78.46402,38.03439]]],[[[-78.46502,38.03475],[-78.4655,38.03537],[-78.46681,38.03465],[-78.46529,38.03627],[-78.46502,38.03475]]],[[[-78.46414,38.03849],[-78.46332,38.03974],[-78.46217,38.03906],[-78.464,38.03755],[-78.46414,38.03849]]],[[[-78.46593,38.03925],[-78.46657,38.03954],[-78.46609,38.03994],[-78.46563,38.0396],[-78.46593,38.03925]]],[[[-78.46446,38.04052],[-78.46536,38.03977],[-78.46585,38.04014],[-78.46478,38.04104],[-78.46446,38.04052]]],[[[-78.46511,38.04093],[-78.46548,38.04123],[-78.46525,38.04141],[-78.46488,38.04114],[-78.46511,38.04093]]],[[[-78.46489,38.04216],[-78.46312,38.04348],[-78.462,38.04366],[-78.46402,38.04186],[-78.46489,38.04216]],[[-78.46345,38.04279],[-78.46348,38.04276],[-78.46363,38.04264],[-78.46348,38.04276],[-78.46345,38.04279]]],[[[-78.46498,38.04297],[-78.46293,38.04455],[-78.46241,38.04397],[-78.4643,38.04278],[-78.46498,38.04297]]],[[[-78.46685,38.04301],[-78.4661,38.04428],[-78.46562,38.04407],[-78.46635,38.04293],[-78.46685,38.04301]]],[[[-78.4661,38.04296],[-78.46452,38.045],[-78.46551,38.04687],[-78.46306,38.04462],[-78.4661,38.04296]]],[[[-78.46333,38.02418],[-78.46248,38.02432],[-78.46417,38.024],[-78.46372,38.02482],[-78.46333,38.02418]]],[[[-78.46327,38.02478],[-78.46325,38.0254],[-78.46171,38.02476],[-78.46202,38.02428],[-78.46327,38.02478]]],[[[-78.46295,38.02588],[-78.46203,38.02548],[-78.46141,38.02522],[-78.46324,38.02544],[-78.46295,38.02588]]],[[[-78.46224,38.02666],[-78.46088,38.02604],[-78.46136,38.02531],[-78.46287,38.026],[-78.46224,38.02666]],[[-78.46203,38.02608],[-78.46203,38.02608],[-78.46179,38.02645],[-78.46203,38.02608]],[[-78.46228,38.0263],[-78.46233,38.02623],[-78.46233,38.02623],[-78.46233,38.02623],[-78.46228,38.0263]],[[-78.46197,38.02559],[-78.46178,38.02588],[-78.46173,38.02595],[-78.46178,38.02588],[-78.46197,38.02559]],[[-78.46173,38.02595],[-78.46173,38.02595],[-78.46173,38.02595],[-78.46173,38.02595]],[[-78.46156,38.02587],[-78.46156,38.02588],[-78.46153,38.02586],[-78.46156,38.02587]],[[-78.46141,38.02581],[-78.46142,38.02581],[-78.46137,38.02579],[-78.46141,38.02581]]],[[[-78.46325,38.02824],[-78.46379,38.02979],[-78.46134,38.03224],[-78.46119,38.03349],[-78.46014,38.0338],[-78.46325,38.02824]],[[-78.46214,38.03159],[-78.46208,38.03171],[-78.46253,38.03174],[-78.46214,38.03159]],[[-78.46057,38.02652],[-78.46077,38.0262],[-78.46002,38.02737],[-78.46057,38.02652]],[[-78.46084,38.02641],[-78.46072,38.02658],[-78.46087,38.02665],[-78.46072,38.02658],[-78.46084,38.02641]],[[-78.46163,38.027],[-78.46165,38.02701],[-78.46164,38.027],[-78.46163,38.027]],[[-78.46102,38.02672],[-78.46118,38.02679],[-78.46118,38.02679],[-78.46102,38.02672]]],[[[-78.46375,38.03099],[-78.46312,38.03105],[-78.46391,38.02983],[-78.46437,38.03001],[-78.46375,38.03099]]],[[[-78.46312,38.03105],[-78.46358,38.03124],[-78.46334,38.03161],[-78.46288,38.03142],[-78.46312,38.03105]]],[[[-78.46334,38.03161],[-78.46309,38.03198],[-78.46264,38.03179],[-78.46288,38.03142],[-78.46334,38.03161]]],[[[-78.46302,38.03209],[-78.46294,38.0322],[-78.46249,38.03202],[-78.46264,38.03179],[-78.46302,38.03209]]],[[[-78.46334,38.03316],[-78.4641,38.03349],[-78.46361,38.03422],[-78.46284,38.03389],[-78.46334,38.03316]]],[[[-78.46297,38.03348],[-78.46273,38.03383],[-78.46228,38.03364],[-78.46252,38.03328],[-78.46297,38.03348]]],[[[-78.46179,38.03766],[-78.46035,38.03721],[-78.46367,38.03761],[-78.46284,38.03831],[-78.46179,38.03766]]],[[[-78.46271,38.03843],[-78.46223,38.03882],[-78.45974,38.03778],[-78.46021,38.03734],[-78.46271,38.03843]]],[[[-78.46334,38.04222],[-78.4605,38.04482],[-78.45744,38.04496],[-78.46328,38.04154],[-78.46297,38.04094],[-78.46398,38.04169],[-78.46334,38.04222]],[[-78.46006,38.0438],[-78.46006,38.0438],[-78.46006,38.0438],[-78.46006,38.0438]],[[-78.45993,38.04388],[-78.45989,38.0439],[-78.45985,38.04393],[-78.45993,38.04388]]],[[[-78.46412,38.04751],[-78.46272,38.04832],[-78.46389,38.04713],[-78.46154,38.04571],[-78.46206,38.0452],[-78.46458,38.04702],[-78.46412,38.04751]]],[[[-78.46289,38.04879],[-78.46178,38.04881],[-78.46126,38.04606],[-78.462,38.0464],[-78.46171,38.04707],[-78.46289,38.04879]]],[[[-78.46348,38.04927],[-78.46298,38.04951],[-78.46316,38.0486],[-78.46364,38.04866],[-78.46348,38.04927]]],[[[-78.4615,38.04954],[-78.46101,38.04858],[-78.46081,38.0482],[-78.46185,38.04909],[-78.46281,38.04922],[-78.4615,38.04954]]],[[[-78.46208,38.02279],[-78.46126,38.02381],[-78.45867,38.02276],[-78.45885,38.02247],[-78.46208,38.02279]]],[[[-78.4618,38.02404],[-78.46133,38.02385],[-78.46242,38.02313],[-78.46231,38.02426],[-78.4618,38.02404]]],[[[-78.4613,38.02516],[-78.45928,38.02434],[-78.45989,38.02339],[-78.46193,38.02422],[-78.4613,38.02516]],[[-78.46085,38.02462],[-78.46085,38.02462],[-78.46077,38.02474],[-78.46085,38.02462]],[[-78.46045,38.02423],[-78.46062,38.0243],[-78.46063,38.0243],[-78.46045,38.02423]],[[-78.46121,38.02479],[-78.46121,38.02479],[-78.46131,38.02483],[-78.46121,38.02479]]],[[[-78.46124,38.02526],[-78.46077,38.02599],[-78.45977,38.02559],[-78.45999,38.02525],[-78.46024,38.02485],[-78.46124,38.02526]],[[-78.46084,38.02556],[-78.46084,38.02556],[-78.46099,38.02563],[-78.46084,38.02556]]],[[[-78.4618,38.03878],[-78.46137,38.0395],[-78.45912,38.03833],[-78.45962,38.03787],[-78.4618,38.03878]]],[[[-78.46049,38.04027],[-78.45905,38.04146],[-78.45737,38.03884],[-78.45901,38.0374],[-78.45824,38.03892],[-78.46049,38.04027]]],[[[-78.46251,38.041],[-78.46059,38.0426],[-78.45919,38.04156],[-78.46136,38.03974],[-78.46251,38.041]],[[-78.46176,38.04043],[-78.46164,38.04052],[-78.46164,38.04052],[-78.46176,38.04043]]],[[[-78.46089,38.04624],[-78.4607,38.04709],[-78.46121,38.04807],[-78.46081,38.0482],[-78.46012,38.04654],[-78.46155,38.0449],[-78.46089,38.04624]],[[-78.46084,38.04801],[-78.46081,38.04802],[-78.46113,38.04792],[-78.46084,38.04801]]],[[[-78.46068,38.04913],[-78.46031,38.0495],[-78.46021,38.04834],[-78.45871,38.04776],[-78.46023,38.04789],[-78.46068,38.04913]]],[[[-78.45976,38.02335],[-78.45915,38.0243],[-78.45721,38.02351],[-78.45786,38.02259],[-78.45976,38.02335]]],[[[-78.45984,38.0247],[-78.46024,38.02485],[-78.46006,38.02514],[-78.45968,38.02495],[-78.45984,38.0247]]],[[[-78.4603,38.03707],[-78.4596,38.03769],[-78.4591,38.03732],[-78.46021,38.0364],[-78.4603,38.03707]]],[[[-78.46011,38.04242],[-78.45975,38.04329],[-78.45841,38.04223],[-78.45909,38.04168],[-78.46011,38.04242]]],[[[-78.45937,38.04357],[-78.45853,38.04404],[-78.45749,38.04299],[-78.45829,38.04237],[-78.45937,38.04357]]],[[[-78.45953,38.04602],[-78.45851,38.04552],[-78.45847,38.04529],[-78.46026,38.04507],[-78.45953,38.04602]]],[[[-78.45816,38.04756],[-78.45681,38.04781],[-78.45697,38.04892],[-78.45664,38.04755],[-78.45816,38.04756]]],[[[-78.45851,38.04783],[-78.45885,38.04799],[-78.45875,38.04833],[-78.45887,38.04917],[-78.45849,38.04921],[-78.45851,38.04783]],[[-78.45865,38.04815],[-78.45854,38.04816],[-78.45878,38.04814],[-78.45865,38.04815]]],[[[-78.45918,38.04809],[-78.45917,38.04825],[-78.45883,38.04828],[-78.45891,38.04801],[-78.45918,38.04809]]],[[[-78.45935,38.0483],[-78.45937,38.04812],[-78.45981,38.04824],[-78.45966,38.04849],[-78.45935,38.0483]]],[[[-78.45924,38.04888],[-78.45897,38.04913],[-78.45883,38.04828],[-78.45917,38.04825],[-78.45924,38.04888]]],[[[-78.46019,38.04859],[-78.46014,38.04942],[-78.45949,38.04938],[-78.46013,38.0492],[-78.45981,38.04824],[-78.46019,38.04859]]],[[[-78.45979,38.04871],[-78.45984,38.04908],[-78.45945,38.04909],[-78.45938,38.04854],[-78.45979,38.04871]]],[[[-78.45897,38.04945],[-78.45851,38.04949],[-78.45849,38.04926],[-78.45928,38.04917],[-78.45897,38.04945]]],[[[-78.45568,38.02223],[-78.45507,38.02178],[-78.45605,38.02123],[-78.45627,38.02162],[-78.45568,38.02223]]],[[[-78.45803,38.02217],[-78.45687,38.022],[-78.4567,38.0214],[-78.45727,38.02204],[-78.45803,38.02217]]],[[[-78.45774,38.02253],[-78.45709,38.02346],[-78.45569,38.02288],[-78.45636,38.02172],[-78.45774,38.02253]]],[[[-78.45546,38.02339],[-78.45552,38.02295],[-78.45596,38.02312],[-78.4556,38.02368],[-78.45546,38.02339]]],[[[-78.4562,38.02363],[-78.45591,38.02408],[-78.45562,38.02396],[-78.45612,38.02317],[-78.4562,38.02363]]],[[[-78.45661,38.02337],[-78.45679,38.02345],[-78.45621,38.02399],[-78.45661,38.02337]]],[[[-78.45521,38.02377],[-78.45558,38.0237],[-78.45515,38.02438],[-78.45497,38.02431],[-78.45489,38.02427],[-78.45521,38.02377]]],[[[-78.45695,38.02411],[-78.45631,38.02427],[-78.45682,38.02346],[-78.45816,38.02403],[-78.45695,38.02411]]],[[[-78.45492,38.02439],[-78.45497,38.02431],[-78.45515,38.02438],[-78.45504,38.02455],[-78.45492,38.02439]]],[[[-78.45482,38.02489],[-78.45428,38.02588],[-78.4549,38.02669],[-78.45372,38.02695],[-78.45393,38.02551],[-78.45482,38.02489]]],[[[-78.4563,38.02698],[-78.45475,38.02648],[-78.45449,38.02572],[-78.45691,38.02579],[-78.4563,38.02698]]],[[[-78.4546,38.02717],[-78.45616,38.0272],[-78.45606,38.0275],[-78.45643,38.02821],[-78.4546,38.02717]]],[[[-78.45768,38.02836],[-78.45625,38.02849],[-78.45695,38.02839],[-78.45716,38.02816],[-78.45647,38.02736],[-78.45768,38.02836]]],[[[-78.45649,38.02777],[-78.457,38.02807],[-78.457,38.02826],[-78.45637,38.02803],[-78.45649,38.02777]]],[[[-78.45765,38.04005],[-78.45812,38.0405],[-78.45797,38.04062],[-78.45744,38.04023],[-78.45765,38.04005]]],[[[-78.45896,38.04155],[-78.45737,38.04287],[-78.45643,38.04202],[-78.45794,38.04076],[-78.45896,38.04155]]],[[[-78.4566,38.04248],[-78.45544,38.04331],[-78.45754,38.04332],[-78.45632,38.04408],[-78.45567,38.04476],[-78.45661,38.04438],[-78.45716,38.04562],[-78.45808,38.04533],[-78.45715,38.04666],[-78.45468,38.04542],[-78.45454,38.04311],[-78.4566,38.04248]]],[[[-78.45815,38.04433],[-78.45733,38.04485],[-78.45653,38.04408],[-78.45763,38.0434],[-78.45815,38.04433]]],[[[-78.45708,38.04788],[-78.45774,38.04768],[-78.45835,38.04775],[-78.45722,38.04817],[-78.45708,38.04788]]],[[[-78.4577,38.04806],[-78.4582,38.04804],[-78.4583,38.04921],[-78.45788,38.04921],[-78.45787,38.04858],[-78.4577,38.04806]]],[[[-78.45762,38.04812],[-78.45772,38.04834],[-78.45735,38.04845],[-78.45724,38.04822],[-78.45762,38.04812]]],[[[-78.45781,38.04909],[-78.45747,38.04923],[-78.45735,38.04845],[-78.45772,38.04834],[-78.45781,38.04909]]],[[[-78.45831,38.0495],[-78.45743,38.04954],[-78.45742,38.04954],[-78.45746,38.04929],[-78.45831,38.0495]]]]}},{"type":"Feature","properties":{"zone":"R-B","color":"#FEE33A"},"geometry":{"type":"MultiPolygon","coordinates":[[[[-78.51423,38.0168],[-78.51409,38.01639],[-78.51452,38.01644],[-78.51429,38.017],[-78.51423,38.0168]]],[[[-78.51469,38.01637],[-78.51521,38.01649],[-78.5146,38.01671],[-78.51469,38.01637]]],[[[-78.51391,38.01741],[-78.51354,38.0178],[-78.51323,38.01851],[-78.51271,38.01756],[-78.51391,38.01741]]],[[[-78.51529,38.01826],[-78.51602,38.01846],[-78.51595,38.01885],[-78.51517,38.01885],[-78.51529,38.01826]]],[[[-78.51345,38.01882],[-78.51433,38.01947],[-78.5146,38.02054],[-78.51258,38.02001],[-78.51345,38.01882]]],[[[-78.51246,38.02006],[-78.51237,38.02015],[-78.51077,38.01959],[-78.51165,38.01955],[-78.51246,38.02006]]],[[[-78.51253,38.02031],[-78.513,38.02084],[-78.51024,38.0209],[-78.51074,38.01983],[-78.51253,38.02031]]],[[[-78.51493,38.02041],[-78.51485,38.02023],[-78.51524,38.02018],[-78.51524,38.02041],[-78.51493,38.02041]]],[[[-78.51354,38.02105],[-78.51312,38.02088],[-78.5133,38.02054],[-78.51379,38.02057],[-78.51354,38.02105]]],[[[-78.5163,38.02113],[-78.51792,38.02302],[-78.51505,38.02414],[-78.51494,38.02169],[-78.5163,38.02113]]],[[[-78.51808,38.02286],[-78.51806,38.02256],[-78.51873,38.02228],[-78.51881,38.02266],[-78.51808,38.02286]]],[[[-78.51836,38.02295],[-78.51884,38.02275],[-78.5192,38.0237],[-78.51848,38.02392],[-78.51836,38.02295]]],[[[-78.52334,38.02408],[-78.52243,38.0253],[-78.52019,38.02371],[-78.52375,38.02265],[-78.52334,38.02408]]],[[[-78.51653,38.02454],[-78.51505,38.02501],[-78.51799,38.02309],[-78.51848,38.02392],[-78.51653,38.02454]]],[[[-78.52021,38.0244],[-78.51898,38.02453],[-78.51876,38.02423],[-78.52002,38.02377],[-78.52021,38.0244]],[[-78.51937,38.02419],[-78.51938,38.02429],[-78.51938,38.02429],[-78.51938,38.02429],[-78.51937,38.02419]]],[[[-78.51422,38.03701],[-78.51452,38.03695],[-78.51477,38.03756],[-78.51423,38.03762],[-78.51422,38.03701]]],[[[-78.51514,38.03825],[-78.51483,38.03829],[-78.51459,38.0377],[-78.5149,38.03772],[-78.51514,38.03825]]],[[[-78.51518,38.03885],[-78.51409,38.03998],[-78.51361,38.03979],[-78.51485,38.03838],[-78.51518,38.03885]]],[[[-78.51585,38.03922],[-78.51467,38.04032],[-78.51425,38.0401],[-78.51541,38.03884],[-78.51585,38.03922]]],[[[-78.51276,38.04071],[-78.51353,38.03988],[-78.51396,38.0401],[-78.51314,38.04099],[-78.51276,38.04071]]],[[[-78.51347,38.04096],[-78.51409,38.04022],[-78.51442,38.04032],[-78.51368,38.04109],[-78.51347,38.04096]]],[[[-78.50822,38.0126],[-78.50863,38.01325],[-78.50767,38.01369],[-78.50672,38.01299],[-78.50822,38.0126]]],[[[-78.5073,38.01349],[-78.50687,38.01348],[-78.50575,38.01488],[-78.50537,38.01467],[-78.50658,38.01317],[-78.5073,38.01349]]],[[[-78.50722,38.01367],[-78.5075,38.01375],[-78.50674,38.01398],[-78.50727,38.0138],[-78.50722,38.01367]]],[[[-78.51013,38.01525],[-78.50834,38.01564],[-78.50835,38.01446],[-78.51089,38.01482],[-78.51013,38.01525]]],[[[-78.51041,38.01561],[-78.51029,38.01529],[-78.5109,38.01532],[-78.51045,38.01552],[-78.51041,38.01561]]],[[[-78.50744,38.01515],[-78.50816,38.01569],[-78.50637,38.01611],[-78.50716,38.01496],[-78.50744,38.01515]]],[[[-78.50956,38.0162],[-78.50827,38.01646],[-78.50796,38.01591],[-78.51019,38.01534],[-78.50956,38.0162]]],[[[-78.5076,38.01645],[-78.50664,38.01675],[-78.50615,38.01667],[-78.50781,38.01598],[-78.5076,38.01645]]],[[[-78.50715,38.01897],[-78.50732,38.0189],[-78.50751,38.01908],[-78.50736,38.01918],[-78.50715,38.01897]]],[[[-78.50802,38.01916],[-78.50839,38.01951],[-78.50812,38.01968],[-78.50752,38.0191],[-78.50802,38.01916]]],[[[-78.50692,38.01916],[-78.50715,38.01897],[-78.50736,38.01918],[-78.5071,38.01934],[-78.50692,38.01916]]],[[[-78.51056,38.01958],[-78.51047,38.01961],[-78.50997,38.01946],[-78.51036,38.01915],[-78.51056,38.01958]]],[[[-78.50903,38.02021],[-78.50941,38.02087],[-78.50938,38.02144],[-78.5084,38.01994],[-78.50903,38.02021]]],[[[-78.51012,38.02072],[-78.50965,38.02119],[-78.50937,38.01939],[-78.51054,38.01974],[-78.51012,38.02072]]],[[[-78.50839,38.02068],[-78.50853,38.0206],[-78.50873,38.02079],[-78.50852,38.02092],[-78.50839,38.02068]]],[[[-78.50962,38.02227],[-78.50714,38.02408],[-78.5068,38.02373],[-78.50985,38.02157],[-78.50962,38.02227]]],[[[-78.50828,38.02942],[-78.50638,38.02858],[-78.50505,38.03024],[-78.5056,38.02855],[-78.50708,38.02803],[-78.50828,38.02942]]],[[[-78.50804,38.03035],[-78.5077,38.03129],[-78.50672,38.03119],[-78.50691,38.02969],[-78.50804,38.03035]]],[[[-78.50687,38.01231],[-78.50535,38.01445],[-78.50496,38.01431],[-78.50658,38.01221],[-78.50687,38.01231]]],[[[-78.50511,38.0157],[-78.50454,38.01538],[-78.50485,38.01497],[-78.50545,38.01526],[-78.50511,38.0157]]],[[[-78.50587,38.01566],[-78.50617,38.01608],[-78.50525,38.01578],[-78.50547,38.01549],[-78.50587,38.01566]]],[[[-78.50559,38.01605],[-78.50605,38.01662],[-78.50493,38.01642],[-78.50519,38.0159],[-78.50559,38.01605]]],[[[-78.50635,38.0191],[-78.5062,38.02004],[-78.50447,38.02074],[-78.50592,38.01973],[-78.50635,38.0191]]],[[[-78.50706,38.01962],[-78.50655,38.01995],[-78.50647,38.01987],[-78.50681,38.0192],[-78.50706,38.01962]]],[[[-78.50557,38.02297],[-78.50514,38.0229],[-78.5036,38.02134],[-78.50444,38.02076],[-78.50557,38.02297]]],[[[-78.50574,38.02403],[-78.50285,38.02428],[-78.50268,38.02398],[-78.50552,38.0231],[-78.50574,38.02403]]],[[[-78.50532,38.02487],[-78.50445,38.02425],[-78.5061,38.02405],[-78.50631,38.02453],[-78.50532,38.02487]]],[[[-78.50627,38.02914],[-78.50702,38.02947],[-78.50648,38.03011],[-78.50664,38.03119],[-78.50627,38.02914]]],[[[-78.50694,38.03157],[-78.50653,38.03172],[-78.50637,38.03134],[-78.50679,38.03128],[-78.50694,38.03157]]],[[[-78.50443,38.01526],[-78.50425,38.01524],[-78.5047,38.01487],[-78.50443,38.01526]]],[[[-78.50333,38.01573],[-78.50356,38.0168],[-78.50441,38.01552],[-78.50506,38.01584],[-78.50393,38.01708],[-78.50168,38.01618],[-78.50333,38.01573]]],[[[-78.50175,38.02453],[-78.5025,38.02401],[-78.50272,38.02434],[-78.50193,38.02489],[-78.50175,38.02453]]],[[[-78.50339,38.02479],[-78.50329,38.02433],[-78.50437,38.02438],[-78.50398,38.02471],[-78.50339,38.02479]]],[[[-78.50272,38.02515],[-78.50194,38.02576],[-78.50161,38.0255],[-78.50309,38.02438],[-78.50272,38.02515]]],[[[-78.50193,38.02489],[-78.50174,38.02507],[-78.50142,38.02486],[-78.5016,38.02468],[-78.50193,38.02489]]],[[[-78.5015,38.02533],[-78.50103,38.02533],[-78.50114,38.025],[-78.50174,38.02507],[-78.5015,38.02533]],[[-78.50123,38.02505],[-78.50123,38.02505],[-78.50123,38.02506],[-78.50123,38.02505]]],[[[-78.50127,38.02555],[-78.50003,38.02686],[-78.49944,38.02781],[-78.49959,38.02547],[-78.50127,38.02555]]],[[[-78.50173,38.02606],[-78.50181,38.02636],[-78.50099,38.02654],[-78.50149,38.02559],[-78.50173,38.02606]]],[[[-78.50171,38.02699],[-78.50159,38.02719],[-78.50137,38.02655],[-78.50187,38.02654],[-78.50171,38.02699]]],[[[-78.50071,38.0274],[-78.50008,38.02754],[-78.50078,38.02632],[-78.50114,38.02731],[-78.50071,38.0274]]],[[[-78.50175,38.03741],[-78.50138,38.03729],[-78.50094,38.03866],[-78.50112,38.03675],[-78.50175,38.03741]]],[[[-78.5012,38.0385],[-78.50139,38.03818],[-78.50179,38.03832],[-78.50135,38.03905],[-78.5012,38.0385]]],[[[-78.50196,38.03916],[-78.50184,38.03937],[-78.5014,38.03909],[-78.50157,38.03876],[-78.50196,38.03916]]],[[[-78.4939,38.01743],[-78.49343,38.01803],[-78.49357,38.01714],[-78.495,38.01712],[-78.4939,38.01743]]],[[[-78.49556,38.01821],[-78.49551,38.01858],[-78.49498,38.01841],[-78.49535,38.01801],[-78.49556,38.01821]]],[[[-78.49657,38.02542],[-78.49935,38.02546],[-78.49935,38.02579],[-78.49547,38.02574],[-78.49657,38.02542]]],[[[-78.50005,38.02783],[-78.50035,38.02758],[-78.50047,38.02791],[-78.50008,38.028],[-78.50005,38.02783]]],[[[-78.49779,38.02822],[-78.49692,38.02806],[-78.49908,38.0276],[-78.49916,38.0279],[-78.49779,38.02822]]],[[[-78.49956,38.028],[-78.49993,38.02792],[-78.50004,38.02825],[-78.4995,38.02837],[-78.49956,38.028]]],[[[-78.49915,38.02844],[-78.49881,38.02817],[-78.49938,38.02804],[-78.4995,38.02837],[-78.49915,38.02844]]],[[[-78.49873,38.02825],[-78.49882,38.02851],[-78.4983,38.02863],[-78.49819,38.0283],[-78.49873,38.02825]]],[[[-78.49774,38.02875],[-78.49712,38.02889],[-78.497,38.02856],[-78.49819,38.0283],[-78.49774,38.02875]]],[[[-78.49603,38.04296],[-78.49475,38.04341],[-78.49464,38.04323],[-78.49705,38.04257],[-78.49603,38.04296]]],[[[-78.49858,38.04294],[-78.49796,38.04355],[-78.49708,38.04228],[-78.49749,38.04227],[-78.49858,38.04294]]],[[[-78.49896,38.04377],[-78.49847,38.04349],[-78.4998,38.04324],[-78.49941,38.04372],[-78.49896,38.04377]]],[[[-78.49449,38.04403],[-78.494,38.04425],[-78.4936,38.04367],[-78.49443,38.04336],[-78.49449,38.04403]]],[[[-78.49696,38.04358],[-78.49757,38.04329],[-78.4978,38.04362],[-78.49685,38.04403],[-78.49645,38.04347],[-78.49696,38.04358]]],[[[-78.49807,38.04396],[-78.4979,38.04413],[-78.4975,38.04389],[-78.49852,38.04372],[-78.49807,38.04396]]],[[[-78.49511,38.04425],[-78.49574,38.0437],[-78.49671,38.04409],[-78.49507,38.04481],[-78.49511,38.04425]]],[[[-78.49776,38.04414],[-78.49704,38.04454],[-78.49672,38.04422],[-78.49739,38.04393],[-78.49776,38.04414]]],[[[-78.49556,38.0453],[-78.49502,38.04497],[-78.49656,38.04429],[-78.49672,38.04453],[-78.49556,38.0453]]],[[[-78.49385,38.04837],[-78.49426,38.04791],[-78.49501,38.04822],[-78.4947,38.0486],[-78.49385,38.04837]]],[[[-78.49486,38.04856],[-78.49672,38.048],[-78.49893,38.05098],[-78.49808,38.05156],[-78.49618,38.04943],[-78.49486,38.04856]]],[[[-78.49477,38.04873],[-78.49444,38.04908],[-78.49347,38.04879],[-78.49382,38.04851],[-78.49477,38.04873]]],[[[-78.49514,38.04879],[-78.49617,38.04961],[-78.49576,38.05012],[-78.49468,38.04903],[-78.49514,38.04879]]],[[[-78.48494,38.01635],[-78.48482,38.01643],[-78.48429,38.01634],[-78.48434,38.01615],[-78.48494,38.01635]]],[[[-78.4847,38.01649],[-78.4842,38.01729],[-78.484,38.01725],[-78.48452,38.01647],[-78.4847,38.01649]]],[[[-78.4852,38.01633],[-78.48695,38.01635],[-78.48573,38.01804],[-78.48435,38.01739],[-78.4852,38.01633]]],[[[-78.48461,38.02266],[-78.48399,38.02238],[-78.48414,38.02213],[-78.48458,38.0223],[-78.48461,38.02266]]],[[[-78.48911,38.02402],[-78.48878,38.02442],[-78.4882,38.02413],[-78.48863,38.02341],[-78.48911,38.02402]]],[[[-78.49239,38.02751],[-78.49285,38.02776],[-78.49249,38.02818],[-78.49206,38.0279],[-78.49239,38.02751]]],[[[-78.49312,38.02795],[-78.49293,38.02834],[-78.49258,38.02824],[-78.4929,38.02787],[-78.49312,38.02795]]],[[[-78.49057,38.03003],[-78.49026,38.03016],[-78.49048,38.02962],[-78.4907,38.02968],[-78.49057,38.03003]]],[[[-78.4906,38.03005],[-78.49074,38.0297],[-78.49086,38.02973],[-78.49065,38.03026],[-78.4906,38.03005]]],[[[-78.49072,38.03027],[-78.49092,38.02975],[-78.49108,38.02979],[-78.49088,38.03032],[-78.49072,38.03027]]],[[[-78.49007,38.03373],[-78.49001,38.03394],[-78.48959,38.03386],[-78.48966,38.03362],[-78.49007,38.03373]]],[[[-78.48995,38.03411],[-78.48979,38.03462],[-78.48891,38.03404],[-78.48927,38.03386],[-78.48995,38.03411]]],[[[-78.48408,38.03848],[-78.48422,38.03808],[-78.48479,38.03846],[-78.48449,38.03875],[-78.48408,38.03848]]],[[[-78.48786,38.04022],[-78.48753,38.0401],[-78.48778,38.03975],[-78.48822,38.03993],[-78.48786,38.04022]]],[[[-78.48947,38.04042],[-78.48911,38.04071],[-78.4889,38.04063],[-78.48922,38.04032],[-78.48947,38.04042]]],[[[-78.48901,38.04198],[-78.49026,38.04258],[-78.48671,38.04205],[-78.48679,38.04171],[-78.48901,38.04198]]],[[[-78.48684,38.04561],[-78.48647,38.04512],[-78.4875,38.0452],[-78.48757,38.04569],[-78.48684,38.04561]]],[[[-78.48815,38.04543],[-78.48817,38.04532],[-78.48988,38.04549],[-78.48776,38.04572],[-78.48815,38.04543]]],[[[-78.49,38.04593],[-78.49043,38.04551],[-78.49082,38.04556],[-78.49083,38.04607],[-78.49,38.04593]]],[[[-78.48689,38.0458],[-78.48688,38.04613],[-78.48642,38.04608],[-78.48648,38.04575],[-78.48689,38.0458]]],[[[-78.48788,38.04635],[-78.487,38.04625],[-78.48705,38.04582],[-78.48835,38.04597],[-78.48788,38.04635]]],[[[-78.48917,38.0465],[-78.48842,38.04641],[-78.4885,38.04599],[-78.48989,38.04615],[-78.48917,38.0465]]],[[[-78.49058,38.04624],[-78.49083,38.04652],[-78.48994,38.04659],[-78.49001,38.04617],[-78.49058,38.04624]]],[[[-78.49225,38.04872],[-78.49196,38.0488],[-78.49058,38.0484],[-78.49078,38.0479],[-78.49225,38.04872]]],[[[-78.49197,38.04938],[-78.49275,38.04837],[-78.4932,38.049],[-78.49216,38.04963],[-78.49197,38.04938]]],[[[-78.49057,38.04993],[-78.49019,38.05022],[-78.48863,38.04879],[-78.49194,38.0489],[-78.49057,38.04993]]],[[[-78.49166,38.0501],[-78.48955,38.05197],[-78.48915,38.05182],[-78.49171,38.04921],[-78.49166,38.0501]]],[[[-78.4893,38.05033],[-78.48971,38.05002],[-78.49012,38.05027],[-78.48935,38.05084],[-78.4893,38.05033]]],[[[-78.4886,38.05114],[-78.48875,38.05067],[-78.48924,38.05093],[-78.48895,38.05115],[-78.4886,38.05114]]],[[[-78.48474,38.05181],[-78.48369,38.05199],[-78.48311,38.05213],[-78.48538,38.05179],[-78.48474,38.05181]]],[[[-78.48363,38.01811],[-78.48334,38.01797],[-78.48356,38.01767],[-78.48385,38.01781],[-78.48363,38.01811]]],[[[-78.482,38.01797],[-78.48286,38.01837],[-78.48257,38.01876],[-78.48163,38.01821],[-78.482,38.01797]]],[[[-78.48331,38.01855],[-78.48301,38.01841],[-78.48325,38.01809],[-78.48354,38.01823],[-78.48331,38.01855]]],[[[-78.48144,38.01976],[-78.4815,38.02021],[-78.48049,38.01975],[-78.48073,38.01944],[-78.48144,38.01976]]],[[[-78.48105,38.02058],[-78.48033,38.02025],[-78.48018,38.02018],[-78.48141,38.02035],[-78.48105,38.02058]]],[[[-78.48351,38.02216],[-78.48365,38.02169],[-78.48403,38.02207],[-78.48385,38.02232],[-78.48351,38.02216]]],[[[-78.48343,38.02229],[-78.48365,38.02258],[-78.48309,38.02242],[-78.48324,38.0222],[-78.48343,38.02229]]],[[[-78.48415,38.02291],[-78.48374,38.02273],[-78.4839,38.02251],[-78.48452,38.02279],[-78.48415,38.02291]]],[[[-78.48381,38.03848],[-78.48409,38.03867],[-78.48379,38.03898],[-78.4835,38.03878],[-78.48381,38.03848]]],[[[-78.48346,38.03881],[-78.48368,38.03896],[-78.48342,38.03923],[-78.48319,38.03908],[-78.48346,38.03881]]],[[[-78.48306,38.03919],[-78.48334,38.03937],[-78.48304,38.03965],[-78.48276,38.03947],[-78.48306,38.03919]]],[[[-78.48384,38.04068],[-78.48376,38.04009],[-78.48459,38.04067],[-78.48426,38.04096],[-78.48384,38.04068]]],[[[-78.4827,38.04382],[-78.48342,38.04419],[-78.481,38.04414],[-78.48099,38.04381],[-78.4827,38.04382]]],[[[-78.48319,38.04433],[-78.48342,38.04476],[-78.47981,38.04476],[-78.48024,38.04423],[-78.48319,38.04433]]],[[[-78.48138,38.04555],[-78.4809,38.0455],[-78.48034,38.04635],[-78.48033,38.04507],[-78.48138,38.04555]]],[[[-78.48265,38.04705],[-78.48338,38.04836],[-78.48238,38.04936],[-78.48242,38.04735],[-78.48265,38.04705]]],[[[-78.4831,38.04732],[-78.48422,38.0481],[-78.48349,38.04931],[-78.48357,38.04818],[-78.4831,38.04732]]],[[[-78.48298,38.0495],[-78.48296,38.05216],[-78.48237,38.0523],[-78.48237,38.04947],[-78.48298,38.0495]]],[[[-78.48322,38.05017],[-78.48319,38.04947],[-78.48345,38.04942],[-78.48339,38.05018],[-78.48322,38.05017]]],[[[-78.48358,38.05087],[-78.48362,38.05146],[-78.48323,38.0515],[-78.4832,38.0503],[-78.48358,38.05087]]],[[[-78.48106,38.0549],[-78.47864,38.05405],[-78.47856,38.05363],[-78.48268,38.055],[-78.48106,38.0549]]],[[[-78.48209,38.05588],[-78.48135,38.05735],[-78.48049,38.05504],[-78.48239,38.05558],[-78.48209,38.05588]]],[[[-78.4819,38.05765],[-78.48094,38.05902],[-78.48046,38.05874],[-78.48264,38.05611],[-78.4819,38.05765]]],[[[-78.47813,38.01928],[-78.47806,38.01965],[-78.47674,38.01905],[-78.47696,38.01874],[-78.47813,38.01928]]],[[[-78.47751,38.01958],[-78.47789,38.02017],[-78.47528,38.01896],[-78.4755,38.01866],[-78.47751,38.01958]]],[[[-78.47821,38.01972],[-78.47806,38.01965],[-78.47827,38.01934],[-78.47843,38.01942],[-78.47821,38.01972]]],[[[-78.47972,38.02002],[-78.47979,38.02046],[-78.47832,38.01979],[-78.47855,38.01948],[-78.47972,38.02002]]],[[[-78.47824,38.01991],[-78.47882,38.02018],[-78.47969,38.02059],[-78.47801,38.02022],[-78.47824,38.01991]]],[[[-78.47869,38.0332],[-78.47937,38.0334],[-78.4791,38.03394],[-78.47844,38.03373],[-78.47869,38.0332]]],[[[-78.4784,38.03357],[-78.47832,38.03371],[-78.478,38.03361],[-78.47809,38.03347],[-78.4784,38.03357]]],[[[-78.47993,38.03408],[-78.47975,38.03445],[-78.47943,38.03434],[-78.4796,38.03398],[-78.47993,38.03408]]],[[[-78.48004,38.03411],[-78.48032,38.03419],[-78.48012,38.03461],[-78.47984,38.03452],[-78.48004,38.03411]]],[[[-78.47792,38.03496],[-78.47763,38.035],[-78.47749,38.03459],[-78.47788,38.0347],[-78.47792,38.03496]]],[[[-78.47817,38.03502],[-78.4781,38.03485],[-78.47866,38.03488],[-78.47848,38.03524],[-78.47817,38.03502]]],[[[-78.47906,38.03613],[-78.47925,38.03562],[-78.47961,38.03499],[-78.48038,38.0352],[-78.47906,38.03613]]],[[[-78.4803,38.04409],[-78.47904,38.04483],[-78.48074,38.04239],[-78.48071,38.04413],[-78.4803,38.04409]]],[[[-78.48015,38.04522],[-78.48016,38.04638],[-78.47963,38.04637],[-78.47986,38.04503],[-78.48015,38.04522]]],[[[-78.47765,38.05411],[-78.47375,38.05435],[-78.4734,38.05435],[-78.47838,38.05364],[-78.47765,38.05411]]],[[[-78.479,38.05421],[-78.48069,38.05486],[-78.47724,38.05663],[-78.4769,38.05627],[-78.479,38.05421]]],[[[-78.47846,38.05438],[-78.4778,38.05512],[-78.47608,38.0544],[-78.47838,38.05422],[-78.47846,38.05438]]],[[[-78.4774,38.0556],[-78.47672,38.0562],[-78.47581,38.05585],[-78.47277,38.05538],[-78.4774,38.0556]]],[[[-78.47999,38.05831],[-78.47998,38.05748],[-78.48129,38.05743],[-78.4803,38.0587],[-78.47999,38.05831]]],[[[-78.47395,38.01776],[-78.47378,38.01729],[-78.47452,38.01763],[-78.47431,38.01792],[-78.47395,38.01776]]],[[[-78.4746,38.01806],[-78.47431,38.01792],[-78.47452,38.01763],[-78.47496,38.01783],[-78.4746,38.01806]]],[[[-78.47496,38.01783],[-78.47511,38.0179],[-78.47489,38.01819],[-78.47474,38.01812],[-78.47496,38.01783]]],[[[-78.47449,38.01821],[-78.47458,38.01864],[-78.47324,38.01804],[-78.47346,38.01774],[-78.47449,38.01821]]],[[[-78.47571,38.01823],[-78.47574,38.01819],[-78.47683,38.01869],[-78.47662,38.01899],[-78.47571,38.01823]]],[[[-78.47428,38.02198],[-78.47389,38.02188],[-78.47317,38.02153],[-78.4734,38.02121],[-78.47428,38.02198]]],[[[-78.47541,38.02271],[-78.47583,38.02292],[-78.47561,38.02323],[-78.47489,38.0229],[-78.47541,38.02271]]],[[[-78.47483,38.02297],[-78.475,38.02299],[-78.47479,38.02328],[-78.47465,38.02322],[-78.47483,38.02297]]],[[[-78.47559,38.02326],[-78.47537,38.02355],[-78.47479,38.02328],[-78.475,38.02299],[-78.47559,38.02326]]],[[[-78.47411,38.02722],[-78.47367,38.027],[-78.47388,38.02667],[-78.47434,38.02685],[-78.47411,38.02722]]],[[[-78.47412,38.02727],[-78.47434,38.02691],[-78.47473,38.02706],[-78.47435,38.02766],[-78.47412,38.02727]]],[[[-78.47352,38.02726],[-78.47365,38.02704],[-78.47407,38.02727],[-78.47393,38.0275],[-78.47352,38.02726]]],[[[-78.47468,38.03286],[-78.47487,38.03248],[-78.47535,38.03262],[-78.47517,38.033],[-78.47468,38.03286]]],[[[-78.47463,38.03298],[-78.47515,38.03303],[-78.47498,38.03343],[-78.47448,38.03328],[-78.47463,38.03298]]],[[[-78.47412,38.03385],[-78.47392,38.03429],[-78.47305,38.03408],[-78.47377,38.03308],[-78.47412,38.03385]]],[[[-78.47482,38.03403],[-78.47578,38.0343],[-78.47566,38.03468],[-78.47401,38.0343],[-78.47482,38.03403]]],[[[-78.4758,38.0348],[-78.47595,38.03432],[-78.47673,38.03454],[-78.47646,38.03533],[-78.4758,38.0348]]],[[[-78.4754,38.03574],[-78.47432,38.03558],[-78.47405,38.03555],[-78.47493,38.03462],[-78.4754,38.03574]]],[[[-78.47533,38.03649],[-78.47566,38.03532],[-78.47637,38.03539],[-78.47621,38.03659],[-78.47533,38.03649]]],[[[-78.47442,38.03601],[-78.47454,38.03571],[-78.47537,38.03583],[-78.47515,38.03659],[-78.47442,38.03601]]],[[[-78.47482,38.03745],[-78.47428,38.03731],[-78.47428,38.03651],[-78.4751,38.03669],[-78.47482,38.03745]]],[[[-78.47594,38.03777],[-78.4748,38.0378],[-78.47531,38.03658],[-78.47604,38.03667],[-78.47594,38.03777]]],[[[-78.47476,38.03755],[-78.47464,38.03776],[-78.47415,38.03761],[-78.47424,38.03741],[-78.47476,38.03755]]],[[[-78.47466,38.05591],[-78.47397,38.05631],[-78.4736,38.05595],[-78.47374,38.05569],[-78.47466,38.05591]]],[[[-78.47546,38.0559],[-78.47611,38.05604],[-78.47664,38.05636],[-78.47479,38.05629],[-78.47546,38.0559]]],[[[-78.47713,38.05669],[-78.4769,38.0569],[-78.4765,38.05663],[-78.47678,38.05642],[-78.47713,38.05669]]],[[[-78.4735,38.01438],[-78.47243,38.01459],[-78.47221,38.01407],[-78.4729,38.014],[-78.4735,38.01438]]],[[[-78.47312,38.01498],[-78.47241,38.01509],[-78.47237,38.01468],[-78.47329,38.0147],[-78.47312,38.01498]]],[[[-78.47327,38.0173],[-78.47247,38.01845],[-78.4728,38.01586],[-78.47329,38.01584],[-78.47327,38.0173]]],[[[-78.47182,38.01701],[-78.47139,38.01676],[-78.47134,38.01631],[-78.47193,38.01632],[-78.47182,38.01701]]],[[[-78.47407,38.0164],[-78.47385,38.0167],[-78.47349,38.01614],[-78.47364,38.01621],[-78.47407,38.0164]]],[[[-78.47347,38.01712],[-78.47349,38.01671],[-78.4739,38.01691],[-78.47348,38.01749],[-78.47347,38.01712]]],[[[-78.47218,38.01795],[-78.47031,38.01869],[-78.46965,38.01838],[-78.47172,38.01731],[-78.47218,38.01795]]],[[[-78.47283,38.0188],[-78.47237,38.01885],[-78.47247,38.01845],[-78.47291,38.01848],[-78.47283,38.0188]]],[[[-78.47248,38.03333],[-78.47207,38.03394],[-78.47168,38.03378],[-78.47217,38.03305],[-78.47248,38.03333]]],[[[-78.47312,38.03376],[-78.47279,38.03426],[-78.47221,38.03402],[-78.4728,38.03316],[-78.47312,38.03376]]],[[[-78.4719,38.03418],[-78.47149,38.03479],[-78.47072,38.03447],[-78.47121,38.03373],[-78.4719,38.03418]]],[[[-78.47173,38.03473],[-78.47214,38.03412],[-78.47269,38.03436],[-78.47218,38.03508],[-78.47173,38.03473]]],[[[-78.47176,38.03554],[-78.47151,38.03679],[-78.47053,38.0373],[-78.47157,38.03497],[-78.47176,38.03554]]],[[[-78.47196,38.03712],[-78.47158,38.03761],[-78.47117,38.03741],[-78.47158,38.03692],[-78.47196,38.03712]]],[[[-78.47251,38.04114],[-78.4718,38.04205],[-78.47078,38.04201],[-78.47174,38.04071],[-78.47251,38.04114]]],[[[-78.47248,38.04301],[-78.47216,38.04425],[-78.47032,38.04429],[-78.4707,38.04214],[-78.47248,38.04301]]],[[[-78.47282,38.05333],[-78.47231,38.05332],[-78.4726,38.05249],[-78.47283,38.05312],[-78.47282,38.05333]]],[[[-78.47257,38.05395],[-78.47258,38.05349],[-78.47284,38.05351],[-78.47287,38.05393],[-78.47257,38.05395]]],[[[-78.4726,38.05539],[-78.4723,38.05538],[-78.47238,38.05495],[-78.4727,38.05498],[-78.4726,38.05539]]],[[[-78.47353,38.05572],[-78.47347,38.05589],[-78.47234,38.05611],[-78.47248,38.05555],[-78.47353,38.05572]]],[[[-78.4722,38.06345],[-78.47208,38.06378],[-78.47009,38.06253],[-78.47059,38.06221],[-78.4722,38.06345]]],[[[-78.47269,38.06386],[-78.47303,38.06483],[-78.47225,38.066],[-78.47242,38.06344],[-78.47269,38.06386]]],[[[-78.47235,38.06442],[-78.47202,38.06601],[-78.47099,38.06616],[-78.47061,38.06502],[-78.47235,38.06442]]],[[[-78.47033,38.01493],[-78.47038,38.01534],[-78.47013,38.01535],[-78.47008,38.01495],[-78.47033,38.01493]]],[[[-78.46975,38.03066],[-78.46956,38.03059],[-78.4697,38.03035],[-78.46989,38.03041],[-78.46975,38.03066]]],[[[-78.47006,38.03247],[-78.46973,38.03296],[-78.46926,38.03276],[-78.4696,38.03227],[-78.47006,38.03247]]],[[[-78.47038,38.03292],[-78.47021,38.03316],[-78.46976,38.03297],[-78.47001,38.0326],[-78.47038,38.03292]]],[[[-78.46914,38.0338],[-78.46869,38.0336],[-78.46919,38.03287],[-78.46964,38.03306],[-78.46914,38.0338]]],[[[-78.4698,38.03377],[-78.46919,38.03382],[-78.46969,38.03308],[-78.47013,38.03327],[-78.4698,38.03377]]],[[[-78.47069,38.03429],[-78.46982,38.03409],[-78.47032,38.03335],[-78.47109,38.03367],[-78.47069,38.03429]]],[[[-78.47125,38.03515],[-78.47084,38.03498],[-78.47101,38.03472],[-78.47142,38.0349],[-78.47125,38.03515]]],[[[-78.47107,38.03539],[-78.47038,38.03666],[-78.46991,38.03651],[-78.47047,38.03482],[-78.47107,38.03539]]],[[[-78.47161,38.04055],[-78.47133,38.04086],[-78.47112,38.04077],[-78.47142,38.0404],[-78.47161,38.04055]]],[[[-78.47088,38.04149],[-78.47063,38.04191],[-78.47019,38.04174],[-78.47095,38.0408],[-78.47088,38.04149]]],[[[-78.47024,38.04371],[-78.46932,38.04322],[-78.47027,38.04193],[-78.47055,38.04208],[-78.47024,38.04371]]],[[[-78.47018,38.04438],[-78.46935,38.04538],[-78.46884,38.04514],[-78.46963,38.04405],[-78.47018,38.04438]]],[[[-78.46999,38.06465],[-78.46973,38.0679],[-78.46745,38.06771],[-78.46716,38.0669],[-78.46801,38.0667],[-78.46896,38.06591],[-78.4692,38.06462],[-78.46999,38.06465]]],[[[-78.46625,38.02023],[-78.46581,38.02016],[-78.46588,38.01994],[-78.4663,38.02004],[-78.46625,38.02023]]],[[[-78.46702,38.02053],[-78.46661,38.02035],[-78.46633,38.02056],[-78.46645,38.02011],[-78.46702,38.02053]]],[[[-78.46761,38.0208],[-78.46746,38.02073],[-78.46716,38.0206],[-78.4677,38.02068],[-78.46761,38.0208]]],[[[-78.46683,38.02049],[-78.46699,38.02056],[-78.4669,38.02069],[-78.46672,38.02064],[-78.46683,38.02049]]],[[[-78.4672,38.02066],[-78.46729,38.02069],[-78.46717,38.02084],[-78.46704,38.02075],[-78.4672,38.02066]]],[[[-78.46763,38.02113],[-78.46747,38.02106],[-78.46789,38.02077],[-78.46763,38.02113],[-78.46763,38.02113]]],[[[-78.46683,38.02077],[-78.46663,38.02105],[-78.46625,38.02087],[-78.4663,38.02065],[-78.46683,38.02077]]],[[[-78.4673,38.02098],[-78.46738,38.02086],[-78.46753,38.02093],[-78.46745,38.02104],[-78.4673,38.02098]]],[[[-78.46662,38.02706],[-78.46648,38.0273],[-78.46557,38.02693],[-78.4658,38.02658],[-78.46662,38.02706]]],[[[-78.46655,38.02859],[-78.46594,38.0288],[-78.46657,38.02783],[-78.46697,38.02799],[-78.46655,38.02859]]],[[[-78.46587,38.0289],[-78.4654,38.03056],[-78.46483,38.03055],[-78.46563,38.02927],[-78.46587,38.0289]]],[[[-78.46836,38.03298],[-78.46862,38.03262],[-78.46904,38.0328],[-78.46852,38.03354],[-78.46836,38.03298]]],[[[-78.46678,38.03907],[-78.46563,38.0396],[-78.46507,38.03917],[-78.46584,38.03853],[-78.46678,38.03907]]],[[[-78.4693,38.04555],[-78.46841,38.0466],[-78.46785,38.0463],[-78.46882,38.04531],[-78.4693,38.04555]]],[[[-78.46621,38.06304],[-78.46624,38.06513],[-78.46739,38.06671],[-78.4646,38.06458],[-78.46621,38.06304]]],[[[-78.46699,38.06335],[-78.46701,38.06404],[-78.46631,38.06317],[-78.46648,38.06294],[-78.46699,38.06335]]],[[[-78.4682,38.06461],[-78.46897,38.06525],[-78.46892,38.06563],[-78.46714,38.06414],[-78.4682,38.06461]]],[[[-78.46727,38.06455],[-78.46815,38.06549],[-78.46881,38.06581],[-78.46773,38.06666],[-78.46727,38.06455]]],[[[-78.4564,38.02407],[-78.45571,38.02564],[-78.45449,38.02572],[-78.45642,38.02329],[-78.4564,38.02407]]],[[[-78.46526,38.02869],[-78.46501,38.02796],[-78.46601,38.02837],[-78.46569,38.02886],[-78.46526,38.02869]]],[[[-78.46438,38.02909],[-78.46484,38.02928],[-78.46561,38.02898],[-78.46489,38.03008],[-78.46438,38.02909]]],[[[-78.46437,38.03093],[-78.46381,38.0318],[-78.46334,38.03161],[-78.46437,38.03001],[-78.46483,38.03021],[-78.46469,38.03044],[-78.46437,38.03093]],[[-78.46449,38.03037],[-78.46422,38.03026],[-78.46469,38.03045],[-78.46449,38.03037]]],[[[-78.46249,38.03383],[-78.46279,38.03419],[-78.46188,38.03416],[-78.46212,38.03367],[-78.46249,38.03383]],[[-78.46228,38.03406],[-78.46219,38.03401],[-78.46229,38.03406],[-78.46228,38.03406]]],[[[-78.46411,38.03477],[-78.46331,38.03443],[-78.46281,38.0342],[-78.46448,38.03471],[-78.46411,38.03477]]],[[[-78.46137,38.0349],[-78.46149,38.03407],[-78.46205,38.03439],[-78.46185,38.03461],[-78.46137,38.0349]]],[[[-78.46402,38.03546],[-78.4645,38.03565],[-78.46427,38.03598],[-78.46381,38.03576],[-78.46402,38.03546]]],[[[-78.46469,38.03617],[-78.46456,38.03585],[-78.46529,38.03627],[-78.46514,38.03637],[-78.46469,38.03617]]],[[[-78.46465,38.03786],[-78.46454,38.03795],[-78.464,38.03755],[-78.46423,38.03735],[-78.46465,38.03786]]],[[[-78.4649,38.03784],[-78.46516,38.03804],[-78.46479,38.03836],[-78.4645,38.03813],[-78.4649,38.03784]]],[[[-78.46546,38.03852],[-78.46486,38.03903],[-78.46433,38.03863],[-78.46467,38.03851],[-78.46519,38.03806],[-78.46546,38.03852]]],[[[-78.46391,38.03983],[-78.46258,38.03977],[-78.46355,38.03955],[-78.46376,38.03821],[-78.46391,38.03983]]],[[[-78.46254,38.03974],[-78.46225,38.03951],[-78.46193,38.03927],[-78.46248,38.03912],[-78.46254,38.03974]]],[[[-78.46263,38.04033],[-78.46276,38.04079],[-78.46136,38.03974],[-78.46184,38.03935],[-78.46263,38.04033]]],[[[-78.46464,38.04037],[-78.46507,38.03917],[-78.46563,38.0396],[-78.46609,38.03994],[-78.46464,38.04037]]],[[[-78.46398,38.04169],[-78.46359,38.04141],[-78.46297,38.04094],[-78.46445,38.0413],[-78.46398,38.04169]]],[[[-78.46504,38.04159],[-78.46488,38.04114],[-78.46552,38.04148],[-78.46525,38.04174],[-78.46504,38.04159]]],[[[-78.46516,38.04193],[-78.46489,38.04216],[-78.46402,38.04186],[-78.46456,38.04141],[-78.46516,38.04193]]]]}},{"type":"Feature","properties":{"zone":"R-C","color":"#E5BF22"},"geometry":{"type":"MultiPolygon","coordinates":[[[[-78.52213,38.01948],[-78.52237,38.01994],[-78.52236,38.01995],[-78.52229,38.01997],[-78.52135,38.02026],[-78.52136,38.01886],[-78.5222,38.0183],[-78.52338,38.02073],[-78.52213,38.01948]],[[-78.52163,38.01996],[-78.52151,38.01972],[-78.52172,38.02015],[-78.52163,38.01996]],[[-78.52145,38.02006],[-78.52155,38.02003],[-78.52135,38.02009],[-78.52145,38.02006]],[[-78.52221,38.01922],[-78.52221,38.01922],[-78.52222,38.01924],[-78.52221,38.01922]],[[-78.52221,38.01922],[-78.52232,38.01918],[-78.52221,38.01922],[-78.52221,38.01922]]],[[[-78.515,38.01941],[-78.51612,38.019],[-78.51602,38.02009],[-78.51485,38.02023],[-78.515,38.01941]]],[[[-78.52244,38.02006],[-78.52262,38.02044],[-78.52198,38.02063],[-78.5218,38.02025],[-78.52244,38.02006]]],[[[-78.52163,38.02032],[-78.52182,38.0207],[-78.52157,38.02079],[-78.52138,38.02039],[-78.52163,38.02032]]],[[[-78.52188,38.02082],[-78.52205,38.02116],[-78.52178,38.02125],[-78.52161,38.02088],[-78.52188,38.02082]]],[[[-78.52227,38.02122],[-78.52259,38.02111],[-78.52276,38.02146],[-78.52244,38.02155],[-78.52227,38.02122]]],[[[-78.5221,38.02126],[-78.52226,38.02159],[-78.52198,38.02168],[-78.52182,38.02133],[-78.5221,38.02126]]],[[[-78.52258,38.02184],[-78.5225,38.02165],[-78.5228,38.02155],[-78.52288,38.02169],[-78.52258,38.02184]]],[[[-78.52239,38.02184],[-78.52214,38.02202],[-78.52203,38.02178],[-78.52231,38.02169],[-78.52239,38.02184]]],[[[-78.51502,38.02757],[-78.51503,38.02795],[-78.51429,38.0272],[-78.51483,38.02693],[-78.51502,38.02757]]],[[[-78.51483,38.02799],[-78.51435,38.02829],[-78.51374,38.02761],[-78.5142,38.02729],[-78.51483,38.02799]]],[[[-78.51412,38.02816],[-78.51354,38.02862],[-78.51293,38.0279],[-78.51352,38.02759],[-78.51412,38.02816]]],[[[-78.50758,38.01192],[-78.50687,38.01229],[-78.50658,38.01221],[-78.50719,38.01172],[-78.50758,38.01192]]],[[[-78.50771,38.01238],[-78.50745,38.01271],[-78.50707,38.01252],[-78.50758,38.01192],[-78.50771,38.01238]]],[[[-78.50806,38.0198],[-78.50756,38.0202],[-78.5071,38.01975],[-78.50764,38.01942],[-78.50806,38.0198]]],[[[-78.50857,38.02042],[-78.50811,38.02072],[-78.50765,38.02028],[-78.50819,38.01995],[-78.50857,38.02042]]],[[[-78.50746,38.02026],[-78.50701,38.02054],[-78.50657,38.02013],[-78.50707,38.01977],[-78.50746,38.02026]]],[[[-78.5078,38.02093],[-78.50752,38.02106],[-78.50712,38.02065],[-78.50762,38.0203],[-78.5078,38.02093]]],[[[-78.50715,38.02127],[-78.50718,38.02092],[-78.50752,38.02119],[-78.50725,38.02137],[-78.50715,38.02127]]],[[[-78.50887,38.02126],[-78.50839,38.02246],[-78.50732,38.02144],[-78.50825,38.02082],[-78.50887,38.02126]]],[[[-78.51264,38.02818],[-78.51284,38.02808],[-78.51295,38.02835],[-78.51273,38.02846],[-78.51264,38.02818]]],[[[-78.51304,38.02877],[-78.51335,38.02862],[-78.51357,38.02885],[-78.5133,38.029],[-78.51304,38.02877]]],[[[-78.51156,38.02903],[-78.51252,38.02951],[-78.51044,38.0297],[-78.51155,38.02859],[-78.51156,38.02903]]],[[[-78.51075,38.03],[-78.51026,38.0305],[-78.50963,38.03026],[-78.51024,38.0297],[-78.51075,38.03]]],[[[-78.511,38.03016],[-78.51085,38.03058],[-78.51042,38.03042],[-78.5108,38.03004],[-78.511,38.03016]]],[[[-78.50905,38.03122],[-78.50922,38.0308],[-78.50974,38.031],[-78.50948,38.03145],[-78.50905,38.03122]]],[[[-78.51253,38.04095],[-78.51273,38.04073],[-78.51314,38.04099],[-78.51291,38.04121],[-78.51253,38.04095]]],[[[-78.51331,38.04163],[-78.5128,38.04207],[-78.5124,38.04178],[-78.51335,38.04104],[-78.51331,38.04163]]],[[[-78.51196,38.04219],[-78.51226,38.04192],[-78.51251,38.04205],[-78.51221,38.04233],[-78.51196,38.04219]]],[[[-78.505,38.01467],[-78.5048,38.01453],[-78.50496,38.01431],[-78.50526,38.01454],[-78.505,38.01467]]],[[[-78.50031,38.01494],[-78.49956,38.01542],[-78.49974,38.01591],[-78.49942,38.0153],[-78.50031,38.01494]]],[[[-78.50077,38.01522],[-78.50009,38.01582],[-78.49996,38.01569],[-78.50049,38.01529],[-78.5007,38.01476],[-78.50077,38.01522]]],[[[-78.50569,38.01495],[-78.5055,38.0152],[-78.50485,38.01497],[-78.50557,38.01478],[-78.50569,38.01495]]],[[[-78.5003,38.01508],[-78.50048,38.01512],[-78.50033,38.01531],[-78.50017,38.01516],[-78.5003,38.01508]]],[[[-78.50009,38.01522],[-78.50027,38.01536],[-78.4999,38.01552],[-78.49983,38.01539],[-78.50009,38.01522]]],[[[-78.50052,38.01611],[-78.50094,38.01476],[-78.50234,38.01488],[-78.50168,38.01618],[-78.50052,38.01611]]],[[[-78.50652,38.02029],[-78.50676,38.02052],[-78.50654,38.02068],[-78.50616,38.02032],[-78.50652,38.02029]]],[[[-78.5071,38.02085],[-78.50694,38.02107],[-78.50665,38.02079],[-78.50686,38.02062],[-78.5071,38.02085]]],[[[-78.50623,38.02384],[-78.50608,38.0239],[-78.50585,38.02355],[-78.50606,38.02342],[-78.50623,38.02384]]],[[[-78.5068,38.02373],[-78.50714,38.02408],[-78.50688,38.02424],[-78.50668,38.02384],[-78.5068,38.02373]]],[[[-78.50653,38.02387],[-78.50661,38.02403],[-78.50618,38.0242],[-78.5061,38.02405],[-78.50653,38.02387]]],[[[-78.49931,38.01321],[-78.49896,38.01447],[-78.497,38.0142],[-78.49883,38.01289],[-78.49931,38.01321]]],[[[-78.49533,38.01748],[-78.49642,38.01807],[-78.49599,38.01858],[-78.4958,38.01794],[-78.49477,38.01738],[-78.49533,38.01748]],[[-78.49597,38.01828],[-78.49598,38.01828],[-78.49597,38.01828],[-78.49597,38.01828]]],[[[-78.4948,38.01754],[-78.49575,38.01809],[-78.4959,38.01876],[-78.49172,38.02295],[-78.4948,38.01754]]],[[[-78.49728,38.01853],[-78.4953,38.02078],[-78.4948,38.02064],[-78.49657,38.01834],[-78.49728,38.01853]]],[[[-78.4951,38.02092],[-78.49485,38.02126],[-78.49445,38.02103],[-78.49464,38.0208],[-78.4951,38.02092]]],[[[-78.49919,38.0221],[-78.49806,38.02217],[-78.49934,38.0208],[-78.49972,38.02177],[-78.49919,38.0221]]],[[[-78.49547,38.02696],[-78.49674,38.027],[-78.49685,38.02843],[-78.49541,38.02871],[-78.49547,38.02696]]],[[[-78.49649,38.02865],[-78.4969,38.02857],[-78.49702,38.02891],[-78.49662,38.029],[-78.49649,38.02865]]],[[[-78.49621,38.02909],[-78.49588,38.02879],[-78.49649,38.02865],[-78.49662,38.029],[-78.49621,38.02909]]],[[[-78.49422,38.04619],[-78.49446,38.04695],[-78.49367,38.04824],[-78.4932,38.04582],[-78.49502,38.04497],[-78.49422,38.04619]]],[[[-78.49179,38.02389],[-78.49157,38.02363],[-78.49193,38.02309],[-78.49221,38.02322],[-78.49179,38.02389]]],[[[-78.49519,38.02264],[-78.49443,38.02449],[-78.49255,38.02434],[-78.49448,38.02181],[-78.49519,38.02264]]],[[[-78.49153,38.02384],[-78.49174,38.02394],[-78.4915,38.02415],[-78.49133,38.02407],[-78.49153,38.02384]]],[[[-78.49073,38.02413],[-78.49029,38.02397],[-78.49145,38.02419],[-78.49084,38.02458],[-78.49073,38.02413]]],[[[-78.48879,38.02447],[-78.48831,38.02524],[-78.48802,38.02499],[-78.48856,38.02433],[-78.48879,38.02447]]],[[[-78.49045,38.0245],[-78.49078,38.02461],[-78.49028,38.0249],[-78.48998,38.02467],[-78.49045,38.0245]]],[[[-78.48979,38.02471],[-78.49003,38.02505],[-78.48929,38.0255],[-78.48967,38.02516],[-78.48979,38.02471]]],[[[-78.4887,38.02498],[-78.48876,38.02477],[-78.48904,38.02489],[-78.48888,38.02514],[-78.4887,38.02498]]],[[[-78.48839,38.02551],[-78.4876,38.02651],[-78.4867,38.02603],[-78.48692,38.02609],[-78.4875,38.02569],[-78.48766,38.02521],[-78.48795,38.02535],[-78.48771,38.02499],[-78.48839,38.02551]]],[[[-78.48847,38.02532],[-78.4886,38.02519],[-78.48914,38.02541],[-78.48888,38.02569],[-78.48847,38.02532]]],[[[-78.48776,38.0266],[-78.48838,38.02681],[-78.48839,38.02744],[-78.48698,38.0273],[-78.48776,38.0266]]],[[[-78.49475,38.04439],[-78.49456,38.04503],[-78.494,38.04425],[-78.49449,38.04403],[-78.49475,38.04439]]],[[[-78.49188,38.04618],[-78.49083,38.04607],[-78.49081,38.04537],[-78.49299,38.04552],[-78.49188,38.04618]]],[[[-78.49292,38.04757],[-78.49095,38.04681],[-78.49096,38.04628],[-78.49306,38.04651],[-78.49292,38.04757]]],[[[-78.49281,38.04805],[-78.49256,38.04842],[-78.49147,38.04809],[-78.49158,38.04751],[-78.49281,38.04805]]],[[[-78.49296,38.04797],[-78.49381,38.04853],[-78.4932,38.049],[-78.49275,38.04837],[-78.49296,38.04797]]],[[[-78.48735,38.02466],[-78.48763,38.02488],[-78.48757,38.02502],[-78.4871,38.02482],[-78.48735,38.02466]]],[[[-78.48714,38.02505],[-78.48675,38.02581],[-78.48656,38.02575],[-78.487,38.0249],[-78.48714,38.02505]]],[[[-78.48726,38.02502],[-78.48752,38.02534],[-78.4868,38.02597],[-78.48678,38.02594],[-78.48726,38.02502]]],[[[-78.48672,38.02588],[-78.48652,38.02582],[-78.48656,38.02575],[-78.48675,38.02581],[-78.48672,38.02588]]],[[[-78.48668,38.02595],[-78.48661,38.02595],[-78.48648,38.02591],[-78.48652,38.02582],[-78.48668,38.02595]]],[[[-78.48714,38.02679],[-78.48677,38.02724],[-78.48613,38.02702],[-78.48669,38.02605],[-78.48714,38.02679]]],[[[-78.48651,38.0277],[-78.48629,38.02808],[-78.48581,38.02768],[-78.48614,38.02716],[-78.48651,38.0277]]],[[[-78.4873,38.02805],[-78.48715,38.02834],[-78.48649,38.02814],[-78.48693,38.02739],[-78.4873,38.02805]]],[[[-78.48576,38.03293],[-78.48835,38.03248],[-78.48946,38.03307],[-78.48578,38.03432],[-78.48576,38.03293]]],[[[-78.48697,38.05715],[-78.48676,38.05685],[-78.48742,38.05688],[-78.48746,38.05711],[-78.48697,38.05715]]],[[[-78.48768,38.05722],[-78.48768,38.05689],[-78.48803,38.0571],[-78.48781,38.05729],[-78.48768,38.05722]]],[[[-78.48652,38.05753],[-78.4862,38.05743],[-78.4866,38.05701],[-78.48687,38.05721],[-78.48652,38.05753]]],[[[-78.48762,38.05775],[-78.48735,38.05769],[-78.48779,38.05732],[-78.48797,38.05745],[-78.48762,38.05775]]],[[[-78.48633,38.05801],[-78.48617,38.05785],[-78.4865,38.0576],[-78.48665,38.05778],[-78.48633,38.05801]]],[[[-78.48673,38.0578],[-78.48699,38.05779],[-78.48718,38.05801],[-78.48684,38.05809],[-78.48673,38.0578]]],[[[-78.4854,38.06256],[-78.48479,38.06226],[-78.48588,38.06032],[-78.4873,38.05957],[-78.4854,38.06256]]],[[[-78.48405,38.01754],[-78.48363,38.01767],[-78.48348,38.01727],[-78.48409,38.01748],[-78.48405,38.01754]]],[[[-78.48265,38.0197],[-78.48287,38.01938],[-78.48332,38.01958],[-78.48309,38.0199],[-78.48265,38.0197]]],[[[-78.48231,38.02013],[-78.48255,38.01981],[-78.483,38.02002],[-78.48277,38.02034],[-78.48231,38.02013]]],[[[-78.48218,38.02031],[-78.48229,38.02016],[-78.48274,38.02036],[-78.48251,38.02068],[-78.48218,38.02031]]],[[[-78.48184,38.02054],[-78.48175,38.02066],[-78.48136,38.02048],[-78.48144,38.02036],[-78.48184,38.02054]]],[[[-78.48167,38.02076],[-78.48128,38.02058],[-78.48175,38.02066],[-78.48167,38.02076]]],[[[-78.48152,38.02097],[-78.48137,38.02118],[-78.48098,38.021],[-78.48128,38.02058],[-78.48152,38.02097]]],[[[-78.48175,38.02091],[-78.48197,38.0206],[-78.48229,38.02074],[-78.48207,38.02105],[-78.48175,38.02091]]],[[[-78.48095,38.02098],[-78.4808,38.02092],[-78.47993,38.02052],[-78.48117,38.02068],[-78.48095,38.02098]]],[[[-78.48222,38.02115],[-78.48288,38.02145],[-78.48295,38.0219],[-78.48152,38.02124],[-78.48222,38.02115]]],[[[-78.48117,38.02145],[-78.48105,38.02162],[-78.4796,38.02095],[-78.47982,38.02064],[-78.48117,38.02145]]],[[[-78.48229,38.02176],[-78.48263,38.02234],[-78.48119,38.02168],[-78.48142,38.02137],[-78.48229,38.02176]]],[[[-78.48094,38.02202],[-78.48117,38.02171],[-78.48132,38.02177],[-78.48109,38.02209],[-78.48094,38.02202]]],[[[-78.48307,38.02196],[-78.48317,38.02182],[-78.48345,38.02195],[-78.48336,38.02209],[-78.48307,38.02196]]],[[[-78.48324,38.0222],[-78.48309,38.02242],[-78.48279,38.02233],[-78.48298,38.02208],[-78.48324,38.0222]]],[[[-78.48347,38.04396],[-78.4835,38.04381],[-78.48388,38.04381],[-78.48378,38.04421],[-78.48347,38.04396]]],[[[-78.48408,38.04391],[-78.48446,38.04387],[-78.48438,38.04429],[-78.48402,38.04425],[-78.48408,38.04391]]],[[[-78.48298,38.04519],[-78.48139,38.04498],[-78.48145,38.04463],[-78.48372,38.04436],[-78.48298,38.04519]]],[[[-78.4853,38.04499],[-78.48639,38.04556],[-78.48383,38.04527],[-78.48399,38.04439],[-78.4853,38.04499]]],[[[-78.48219,38.04523],[-78.48359,38.04541],[-78.48349,38.04611],[-78.48138,38.04555],[-78.48219,38.04523]]],[[[-78.484,38.04546],[-78.48648,38.04575],[-78.48642,38.0461],[-78.48369,38.04617],[-78.484,38.04546]]],[[[-78.48332,38.04694],[-78.48303,38.04693],[-78.4832,38.04623],[-78.48344,38.04627],[-78.48332,38.04694]]],[[[-78.48374,38.04701],[-78.48359,38.04634],[-78.48396,38.04631],[-78.48379,38.04666],[-78.48374,38.04701]]],[[[-78.48289,38.05508],[-78.48284,38.05565],[-78.48235,38.05545],[-78.48268,38.055],[-78.48289,38.05508]]],[[[-78.48271,38.05571],[-78.48243,38.05608],[-78.48209,38.05588],[-78.48239,38.05558],[-78.48271,38.05571]]],[[[-78.48287,38.0559],[-78.48304,38.05586],[-78.48342,38.05602],[-78.48304,38.05638],[-78.48287,38.0559]]],[[[-78.47583,38.01532],[-78.47595,38.01554],[-78.47533,38.01548],[-78.47536,38.01527],[-78.47583,38.01532]]],[[[-78.47658,38.0154],[-78.47671,38.01562],[-78.47608,38.01556],[-78.47612,38.01535],[-78.47658,38.0154]]],[[[-78.47579,38.01582],[-78.47535,38.01576],[-78.47538,38.01558],[-78.47594,38.01564],[-78.47579,38.01582]]],[[[-78.47642,38.01591],[-78.47598,38.01585],[-78.47601,38.01565],[-78.47668,38.01572],[-78.47642,38.01591]]],[[[-78.47257,38.01587],[-78.47264,38.01692],[-78.47218,38.01795],[-78.47172,38.01731],[-78.47257,38.01587]]],[[[-78.47489,38.01819],[-78.47511,38.0179],[-78.47526,38.01797],[-78.47505,38.01826],[-78.47489,38.01819]]],[[[-78.4757,38.01817],[-78.47551,38.01849],[-78.47524,38.01836],[-78.47547,38.01807],[-78.4757,38.01817]]],[[[-78.47458,38.01864],[-78.47478,38.01834],[-78.47494,38.01841],[-78.47473,38.01871],[-78.47458,38.01864]]],[[[-78.47528,38.01896],[-78.47494,38.0188],[-78.47515,38.0185],[-78.4755,38.01866],[-78.47528,38.01896]]],[[[-78.48103,38.02164],[-78.4808,38.02196],[-78.48051,38.02182],[-78.48074,38.02151],[-78.48103,38.02164]]],[[[-78.48025,38.02218],[-78.48058,38.02201],[-78.48072,38.02208],[-78.48049,38.02238],[-78.48025,38.02218]]],[[[-78.48086,38.02215],[-78.48115,38.02228],[-78.48092,38.02259],[-78.48063,38.02246],[-78.48086,38.02215]]],[[[-78.48006,38.02243],[-78.48018,38.02228],[-78.48047,38.02241],[-78.48025,38.02271],[-78.48006,38.02243]]],[[[-78.48063,38.0229],[-78.48038,38.02278],[-78.48061,38.02248],[-78.48085,38.02259],[-78.48063,38.0229]]],[[[-78.47992,38.02315],[-78.47949,38.02295],[-78.47972,38.02264],[-78.48015,38.02284],[-78.47992,38.02315]]],[[[-78.4801,38.02323],[-78.48029,38.02292],[-78.4806,38.02306],[-78.48038,38.02336],[-78.4801,38.02323]]],[[[-78.47961,38.02304],[-78.4799,38.02318],[-78.47968,38.02348],[-78.47939,38.02334],[-78.47961,38.02304]]],[[[-78.47992,38.02342],[-78.48005,38.02325],[-78.48037,38.02339],[-78.48015,38.02369],[-78.47992,38.02342]]],[[[-78.47935,38.02392],[-78.47921,38.02385],[-78.47958,38.02361],[-78.47935,38.02392]]],[[[-78.4795,38.02399],[-78.47973,38.02368],[-78.48016,38.02387],[-78.47993,38.02418],[-78.4795,38.02399]]],[[[-78.4789,38.02411],[-78.47905,38.02381],[-78.47934,38.02394],[-78.47912,38.02424],[-78.4789,38.02411]]],[[[-78.47929,38.02431],[-78.47948,38.02401],[-78.47987,38.02419],[-78.47966,38.0245],[-78.47929,38.02431]]],[[[-78.4788,38.02431],[-78.47879,38.02469],[-78.47843,38.02453],[-78.47865,38.02421],[-78.4788,38.02431]]],[[[-78.47939,38.02496],[-78.47898,38.02477],[-78.47918,38.02448],[-78.47948,38.02459],[-78.47939,38.02496]]],[[[-78.47855,38.02503],[-78.47839,38.02495],[-78.47861,38.02464],[-78.47877,38.02472],[-78.47855,38.02503]]],[[[-78.47931,38.02496],[-78.47915,38.02529],[-78.47875,38.02511],[-78.47896,38.0248],[-78.47931,38.02496]]],[[[-78.47824,38.02547],[-78.47806,38.02539],[-78.47828,38.02508],[-78.47846,38.02516],[-78.47824,38.02547]]],[[[-78.47866,38.02566],[-78.47866,38.02525],[-78.47898,38.02539],[-78.47875,38.0257],[-78.47866,38.02566]]],[[[-78.47801,38.02579],[-78.47783,38.02571],[-78.47805,38.02541],[-78.47822,38.02549],[-78.47801,38.02579]]],[[[-78.47834,38.02568],[-78.47859,38.02567],[-78.47837,38.02596],[-78.4782,38.02588],[-78.47834,38.02568]]],[[[-78.48018,38.03609],[-78.47957,38.03629],[-78.47906,38.03613],[-78.48067,38.03573],[-78.48018,38.03609]]],[[[-78.47304,38.05395],[-78.47342,38.05393],[-78.4734,38.05435],[-78.47303,38.05432],[-78.47304,38.05395]]],[[[-78.47251,38.05438],[-78.47252,38.05396],[-78.47287,38.05393],[-78.47281,38.05433],[-78.47251,38.05438]]],[[[-78.47309,38.05448],[-78.47342,38.05449],[-78.47341,38.05484],[-78.47294,38.05481],[-78.47309,38.05448]]],[[[-78.47279,38.0546],[-78.4727,38.05498],[-78.47234,38.05495],[-78.47248,38.05451],[-78.47279,38.0546]]],[[[-78.47118,38.0182],[-78.47046,38.01863],[-78.47083,38.01787],[-78.47209,38.01794],[-78.47261,38.01796],[-78.47118,38.0182]]],[[[-78.47172,38.01888],[-78.47159,38.01983],[-78.47049,38.01967],[-78.47062,38.01877],[-78.47243,38.01859],[-78.47172,38.01888]]],[[[-78.47034,38.01492],[-78.46979,38.01531],[-78.46967,38.01457],[-78.47038,38.01446],[-78.47034,38.01492]]],[[[-78.47032,38.01878],[-78.47048,38.01884],[-78.47038,38.01957],[-78.46965,38.019],[-78.47032,38.01878]]],[[[-78.46978,38.0203],[-78.46954,38.02157],[-78.46928,38.02153],[-78.46942,38.02023],[-78.46978,38.0203]]],[[[-78.47036,38.02076],[-78.47004,38.02133],[-78.46972,38.02129],[-78.46983,38.02057],[-78.47036,38.02076]]],[[[-78.46998,38.02159],[-78.46966,38.02156],[-78.46972,38.02129],[-78.47004,38.02133],[-78.46998,38.02159]]],[[[-78.46963,38.02165],[-78.46965,38.0216],[-78.46997,38.02166],[-78.4699,38.02181],[-78.46963,38.02165]]],[[[-78.46959,38.02173],[-78.4699,38.02181],[-78.46955,38.02178],[-78.46959,38.02173]]],[[[-78.46951,38.02201],[-78.46955,38.02178],[-78.46988,38.02187],[-78.4698,38.02206],[-78.46951,38.02201]]],[[[-78.46662,38.02706],[-78.46627,38.02692],[-78.4665,38.02655],[-78.46703,38.02677],[-78.46662,38.02706]]],[[[-78.46713,38.02775],[-78.46665,38.02771],[-78.46718,38.02689],[-78.46747,38.02728],[-78.46713,38.02775]]],[[[-78.46357,38.04012],[-78.46332,38.04032],[-78.46292,38.04002],[-78.46318,38.03982],[-78.46357,38.04012]]],[[[-78.46296,38.04019],[-78.463,38.0406],[-78.46249,38.04022],[-78.46274,38.04002],[-78.46296,38.04019]]],[[[-78.46406,38.04068],[-78.46394,38.04078],[-78.46352,38.04048],[-78.46364,38.04037],[-78.46406,38.04068]]],[[[-78.46396,38.04112],[-78.46395,38.04112],[-78.46331,38.04065],[-78.46344,38.04055],[-78.46396,38.04112]]]]}},{"type":"Feature","properties":{"zone":"RN-A","color":"#D9C79A"},"geometry":{"type":"MultiPolygon","coordinates":[[[[-78.49916,38.02023],[-78.49716,38.01907],[-78.4953,38.02078],[-78.4975,38.01842],[-78.49916,38.02023]]],[[[-78.49874,38.0211],[-78.49804,38.02195],[-78.49774,38.02181],[-78.49864,38.02066],[-78.49874,38.0211]]],[[[-78.50255,38.02694],[-78.50302,38.027],[-78.5036,38.02845],[-78.50272,38.02857],[-78.50255,38.02694]]],[[[-78.5011,38.02687],[-78.50127,38.02657],[-78.5015,38.02722],[-78.50125,38.02728],[-78.5011,38.02687]]],[[[-78.50192,38.02711],[-78.50159,38.02702],[-78.50195,38.02677],[-78.50207,38.02708],[-78.50192,38.02711]]],[[[-78.50146,38.02736],[-78.50211,38.02722],[-78.50232,38.02784],[-78.50149,38.02802],[-78.50146,38.02736]]],[[[-78.5014,38.02803],[-78.50057,38.02821],[-78.50035,38.02758],[-78.50117,38.0274],[-78.5014,38.02803]],[[-78.50082,38.02766],[-78.50088,38.02782],[-78.50088,38.02782],[-78.50082,38.02766]]],[[[-78.50036,38.02826],[-78.50026,38.02796],[-78.50047,38.02791],[-78.50057,38.02821],[-78.50036,38.02826]]],[[[-78.50236,38.02794],[-78.50245,38.02859],[-78.50084,38.02896],[-78.50062,38.02832],[-78.50236,38.02794]],[[-78.50174,38.02841],[-78.50174,38.02842],[-78.50174,38.02841],[-78.50174,38.02841]],[[-78.50159,38.02845],[-78.50164,38.02844],[-78.50171,38.02842],[-78.50159,38.02845]]],[[[-78.50026,38.02796],[-78.50036,38.02826],[-78.50018,38.0283],[-78.50008,38.028],[-78.50026,38.02796]]],[[[-78.49968,38.02833],[-78.50004,38.02825],[-78.50016,38.02857],[-78.49972,38.02867],[-78.49968,38.02833]]],[[[-78.49893,38.0285],[-78.49961,38.02834],[-78.49972,38.02867],[-78.49904,38.02882],[-78.49893,38.0285]]],[[[-78.49894,38.02884],[-78.49743,38.02917],[-78.49732,38.02885],[-78.49882,38.02851],[-78.49894,38.02884]],[[-78.4987,38.02871],[-78.4984,38.02878],[-78.49888,38.02867],[-78.4987,38.02871]]],[[[-78.49974,38.02875],[-78.50034,38.02907],[-78.49921,38.02932],[-78.49906,38.0289],[-78.49974,38.02875]]],[[[-78.50156,38.02889],[-78.50211,38.02877],[-78.50222,38.02909],[-78.50131,38.0292],[-78.50156,38.02889]]],[[[-78.49912,38.02933],[-78.4984,38.02949],[-78.49826,38.02908],[-78.49898,38.02892],[-78.49912,38.02933]]],[[[-78.5001,38.02921],[-78.50113,38.02899],[-78.50121,38.02923],[-78.49981,38.02964],[-78.5001,38.02921]]],[[[-78.49889,38.02992],[-78.49786,38.0297],[-78.49978,38.02928],[-78.49973,38.02967],[-78.49889,38.02992]]],[[[-78.49851,38.02045],[-78.49765,38.02164],[-78.49703,38.02137],[-78.49801,38.02003],[-78.49851,38.02045]]],[[[-78.4974,38.02198],[-78.49585,38.02492],[-78.49516,38.02517],[-78.49485,38.02412],[-78.4974,38.02198]]],[[[-78.49778,38.0223],[-78.49706,38.02327],[-78.49587,38.0249],[-78.49772,38.02184],[-78.49778,38.0223]]],[[[-78.49712,38.02889],[-78.49732,38.02885],[-78.49743,38.02917],[-78.49723,38.02921],[-78.49712,38.02889]]],[[[-78.49798,38.02958],[-78.497,38.02979],[-78.49685,38.02938],[-78.49822,38.02908],[-78.49798,38.02958]]],[[[-78.49666,38.02148],[-78.49605,38.02233],[-78.49579,38.02179],[-78.49485,38.02126],[-78.49666,38.02148]]],[[[-78.49687,38.02929],[-78.4964,38.02939],[-78.49628,38.02907],[-78.49702,38.02891],[-78.49687,38.02929]]],[[[-78.49594,38.03934],[-78.49583,38.03897],[-78.49636,38.03917],[-78.4962,38.03944],[-78.49594,38.03934]]],[[[-78.49518,38.0189],[-78.49181,38.02318],[-78.49116,38.02287],[-78.49498,38.01841],[-78.49518,38.0189]]],[[[-78.49493,38.02206],[-78.49434,38.02174],[-78.49467,38.02134],[-78.49528,38.02164],[-78.49493,38.02206]]],[[[-78.49543,38.02233],[-78.49588,38.02257],[-78.49565,38.02288],[-78.49519,38.02264],[-78.49543,38.02233]]],[[[-78.49526,38.02679],[-78.49388,38.02669],[-78.49502,38.02533],[-78.49529,38.02574],[-78.49526,38.02679]]],[[[-78.49592,38.03558],[-78.49589,38.03613],[-78.49507,38.03585],[-78.49517,38.03544],[-78.49592,38.03558]]],[[[-78.49509,38.03631],[-78.4949,38.03626],[-78.49502,38.03593],[-78.49519,38.03598],[-78.4951,38.03631],[-78.49509,38.03631]]],[[[-78.49553,38.0361],[-78.49574,38.0365],[-78.49509,38.03631],[-78.49519,38.03598],[-78.49553,38.0361]]],[[[-78.49485,38.03765],[-78.49494,38.03747],[-78.49535,38.03761],[-78.49526,38.03778],[-78.49485,38.03765]]],[[[-78.49553,38.03838],[-78.49498,38.03849],[-78.49548,38.03765],[-78.49588,38.03779],[-78.49553,38.03838]]],[[[-78.495,38.0382],[-78.49486,38.03843],[-78.49446,38.03829],[-78.49481,38.0377],[-78.495,38.0382]]],[[[-78.49518,38.03896],[-78.49482,38.03955],[-78.49443,38.0394],[-78.49489,38.03862],[-78.49518,38.03896]]],[[[-78.49545,38.03939],[-78.49525,38.03971],[-78.49485,38.03956],[-78.49532,38.03879],[-78.49545,38.03939]]],[[[-78.49552,38.03952],[-78.49566,38.03927],[-78.49606,38.03942],[-78.49577,38.03991],[-78.49552,38.03952]]],[[[-78.49499,38.04036],[-78.49528,38.0399],[-78.49568,38.04005],[-78.4953,38.04064],[-78.49499,38.04036]]],[[[-78.49422,38.01831],[-78.49479,38.01838],[-78.49394,38.01929],[-78.49355,38.01884],[-78.49422,38.01831]]],[[[-78.49475,38.02486],[-78.49495,38.02527],[-78.49315,38.02743],[-78.49266,38.02716],[-78.49475,38.02486]]],[[[-78.4952,38.02785],[-78.4952,38.02805],[-78.49324,38.02746],[-78.49382,38.02677],[-78.4952,38.02785]]],[[[-78.49385,38.02817],[-78.4929,38.02787],[-78.49519,38.02846],[-78.49476,38.02843],[-78.49385,38.02817]]],[[[-78.49457,38.02986],[-78.49441,38.0302],[-78.49163,38.02938],[-78.49219,38.02872],[-78.49457,38.02986]]],[[[-78.49513,38.03543],[-78.49501,38.03582],[-78.49349,38.03516],[-78.4938,38.03456],[-78.49513,38.03543]]],[[[-78.49476,38.03638],[-78.49407,38.03782],[-78.49332,38.03757],[-78.49437,38.03563],[-78.49476,38.03638]]],[[[-78.49456,38.03802],[-78.49402,38.03814],[-78.49446,38.03731],[-78.49488,38.03745],[-78.49456,38.03802]]],[[[-78.49445,38.0391],[-78.49389,38.03919],[-78.49435,38.03841],[-78.49479,38.03857],[-78.49445,38.0391]]],[[[-78.49453,38.04009],[-78.49477,38.03968],[-78.49517,38.03983],[-78.49481,38.04045],[-78.49453,38.04009]]],[[[-78.49406,38.03997],[-78.49432,38.03952],[-78.49473,38.03967],[-78.49435,38.0403],[-78.49406,38.03997]]],[[[-78.49364,38.01928],[-78.49385,38.01948],[-78.49318,38.0202],[-78.49278,38.01917],[-78.49364,38.01928]]],[[[-78.49411,38.0302],[-78.49414,38.03066],[-78.49131,38.02975],[-78.49156,38.02946],[-78.49411,38.0302]]],[[[-78.49364,38.03532],[-78.49279,38.03741],[-78.49238,38.03727],[-78.49346,38.03524],[-78.49364,38.03532]]],[[[-78.49377,38.03647],[-78.4932,38.03754],[-78.49283,38.03743],[-78.4939,38.03543],[-78.49377,38.03647]]],[[[-78.49371,38.0384],[-78.49339,38.03902],[-78.4927,38.03876],[-78.49329,38.03767],[-78.49371,38.0384]]],[[[-78.49355,38.03906],[-78.49397,38.03827],[-78.49431,38.0384],[-78.49386,38.03918],[-78.49355,38.03906]]],[[[-78.49346,38.0392],[-78.49378,38.03932],[-78.49307,38.03995],[-78.49307,38.03991],[-78.49346,38.0392]]],[[[-78.49419,38.03948],[-78.49388,38.03999],[-78.49344,38.03996],[-78.49381,38.03933],[-78.49419,38.03948]]],[[[-78.49363,38.04006],[-78.49342,38.0408],[-78.49243,38.04001],[-78.49293,38.04002],[-78.49363,38.04006]]],[[[-78.49412,38.04015],[-78.49439,38.04044],[-78.49395,38.04063],[-78.49403,38.04011],[-78.49412,38.04015]]],[[[-78.4928,38.02064],[-78.49139,38.02235],[-78.49109,38.02214],[-78.49213,38.01906],[-78.4928,38.02064]],[[-78.49253,38.02022],[-78.49252,38.02021],[-78.49241,38.0201],[-78.49253,38.02022]]],[[[-78.49246,38.02742],[-78.49262,38.02722],[-78.49309,38.02749],[-78.49285,38.02776],[-78.49246,38.02742]]],[[[-78.49344,38.03497],[-78.49271,38.03478],[-78.49279,38.03446],[-78.49354,38.03477],[-78.49344,38.03497]]],[[[-78.4927,38.03534],[-78.49299,38.03582],[-78.49139,38.03515],[-78.49332,38.0352],[-78.4927,38.03534]]],[[[-78.49209,38.03786],[-78.49235,38.03736],[-78.49317,38.03762],[-78.49292,38.0381],[-78.49209,38.03786]]],[[[-78.49312,38.03955],[-78.49292,38.03993],[-78.49212,38.03988],[-78.49264,38.03891],[-78.49312,38.03955]]],[[[-78.49168,38.02385],[-78.49075,38.02339],[-78.49113,38.02291],[-78.49179,38.02322],[-78.49168,38.02385]]],[[[-78.49191,38.02888],[-78.49121,38.02971],[-78.49036,38.02948],[-78.49126,38.02816],[-78.49191,38.02888]]],[[[-78.4923,38.03461],[-78.4901,38.03401],[-78.49023,38.03361],[-78.49257,38.03436],[-78.4923,38.03461]]],[[[-78.49134,38.03504],[-78.48983,38.03484],[-78.49007,38.03412],[-78.49186,38.03459],[-78.49134,38.03504]]],[[[-78.49287,38.03605],[-78.49222,38.03642],[-78.49092,38.03556],[-78.49133,38.03521],[-78.49287,38.03605]]],[[[-78.49176,38.03675],[-78.49159,38.03707],[-78.49003,38.03634],[-78.49085,38.03564],[-78.49176,38.03675]]],[[[-78.49243,38.03868],[-78.49179,38.03846],[-78.49206,38.0379],[-78.4929,38.03813],[-78.49243,38.03868]]],[[[-78.49122,38.02402],[-78.49098,38.0239],[-78.49052,38.02367],[-78.49153,38.02384],[-78.49122,38.02402]]],[[[-78.49089,38.02403],[-78.49082,38.02413],[-78.49031,38.02394],[-78.49048,38.02372],[-78.49089,38.02403]]],[[[-78.49073,38.02413],[-78.49068,38.02452],[-78.49005,38.0243],[-78.49029,38.02397],[-78.49073,38.02413]]],[[[-78.49116,38.02817],[-78.49028,38.02945],[-78.48969,38.02928],[-78.49069,38.02781],[-78.49116,38.02817]]],[[[-78.49045,38.03581],[-78.48995,38.03624],[-78.48901,38.03553],[-78.48973,38.03492],[-78.49045,38.03581]]],[[[-78.49046,38.02469],[-78.48996,38.02451],[-78.49,38.02438],[-78.49045,38.0245],[-78.49046,38.02469]]],[[[-78.48975,38.02757],[-78.48899,38.0273],[-78.48786,38.0276],[-78.48899,38.02672],[-78.48975,38.02757]]],[[[-78.48872,38.02786],[-78.48901,38.02735],[-78.48973,38.0276],[-78.48942,38.02809],[-78.48872,38.02786]]],[[[-78.4902,38.02836],[-78.49,38.02864],[-78.48933,38.02841],[-78.48989,38.02755],[-78.4902,38.02836]]],[[[-78.48887,38.02891],[-78.4876,38.02848],[-78.48807,38.02775],[-78.48937,38.02817],[-78.48887,38.02891]]],[[[-78.48932,38.02916],[-78.48931,38.02845],[-78.48998,38.02868],[-78.48958,38.02925],[-78.48932,38.02916]]],[[[-78.48983,38.02941],[-78.48973,38.03004],[-78.48853,38.02961],[-78.48887,38.02912],[-78.48983,38.02941]]],[[[-78.48989,38.02981],[-78.49003,38.02947],[-78.49035,38.02957],[-78.49013,38.03015],[-78.48989,38.02981]]],[[[-78.48925,38.03473],[-78.4893,38.03434],[-78.48978,38.03465],[-78.48956,38.03494],[-78.48925,38.03473]]],[[[-78.48893,38.03549],[-78.4884,38.03514],[-78.48894,38.03464],[-78.48949,38.035],[-78.48893,38.03549]]],[[[-78.48986,38.03634],[-78.48948,38.03668],[-78.48858,38.03591],[-78.48893,38.0356],[-78.48986,38.03634]]],[[[-78.48993,38.03919],[-78.49055,38.03968],[-78.48822,38.03881],[-78.48895,38.03813],[-78.48993,38.03919]]],[[[-78.4901,38.03988],[-78.48994,38.04013],[-78.48902,38.03974],[-78.48928,38.03948],[-78.4901,38.03988]]],[[[-78.48946,38.04028],[-78.48782,38.03964],[-78.48757,38.03954],[-78.48991,38.04015],[-78.48946,38.04028]]],[[[-78.48958,38.04046],[-78.48921,38.04075],[-78.48911,38.04071],[-78.48947,38.04042],[-78.48958,38.04046]]],[[[-78.48941,38.04078],[-78.4893,38.04076],[-78.48971,38.04046],[-78.48981,38.04086],[-78.48941,38.04078]]],[[[-78.48869,38.02918],[-78.48838,38.02968],[-78.48733,38.02948],[-78.48783,38.02865],[-78.48869,38.02918]]],[[[-78.48904,38.03416],[-78.48897,38.03456],[-78.48853,38.03426],[-78.48888,38.03406],[-78.48904,38.03416]]],[[[-78.48821,38.03455],[-78.48844,38.03432],[-78.4889,38.03461],[-78.48836,38.03511],[-78.48821,38.03455]]],[[[-78.48807,38.03504],[-78.48829,38.03518],[-78.48793,38.03549],[-78.48772,38.03535],[-78.48807,38.03504]]],[[[-78.48839,38.03572],[-78.48798,38.03545],[-78.48829,38.03518],[-78.48885,38.03555],[-78.48839,38.03572]]],[[[-78.48848,38.0384],[-78.48811,38.03873],[-78.48778,38.03854],[-78.48854,38.03782],[-78.48848,38.0384]]],[[[-78.48728,38.03886],[-78.48726,38.03841],[-78.4881,38.03892],[-78.4878,38.0392],[-78.48728,38.03886]]],[[[-78.48926,38.03947],[-78.48899,38.03972],[-78.48788,38.03925],[-78.48819,38.03896],[-78.48926,38.03947]]],[[[-78.48897,38.04022],[-78.4889,38.04063],[-78.48786,38.04022],[-78.48822,38.03993],[-78.48897,38.04022]]],[[[-78.48545,38.02695],[-78.48508,38.02762],[-78.48454,38.02748],[-78.48496,38.02674],[-78.48545,38.02695]]],[[[-78.48584,38.02761],[-78.48529,38.02768],[-78.48566,38.02703],[-78.4861,38.02714],[-78.48584,38.02761]]],[[[-78.48384,38.0275],[-78.48422,38.02754],[-78.48489,38.02777],[-78.48338,38.02761],[-78.48384,38.0275]]],[[[-78.4878,38.02725],[-78.4878,38.02758],[-78.4874,38.02745],[-78.48746,38.02727],[-78.4878,38.02725]]],[[[-78.48777,38.02807],[-78.48752,38.02846],[-78.48719,38.02835],[-78.48749,38.02757],[-78.48777,38.02807]]],[[[-78.48518,38.02825],[-78.48474,38.02809],[-78.48492,38.02778],[-78.48558,38.02797],[-78.48518,38.02825]]],[[[-78.48639,38.03808],[-78.48624,38.03821],[-78.48595,38.03803],[-78.48626,38.03774],[-78.48639,38.03808]]],[[[-78.48646,38.03887],[-78.48621,38.03872],[-78.48563,38.03834],[-78.48593,38.03805],[-78.48646,38.03887]]],[[[-78.48504,38.03826],[-78.48538,38.03834],[-78.48509,38.03861],[-78.48485,38.03844],[-78.48504,38.03826]]],[[[-78.48479,38.03846],[-78.48506,38.03864],[-78.48476,38.03892],[-78.48449,38.03875],[-78.48479,38.03846]]],[[[-78.4845,38.03894],[-78.48432,38.03934],[-78.48379,38.03898],[-78.48409,38.03867],[-78.4845,38.03894]]],[[[-78.48748,38.0395],[-78.48721,38.03933],[-78.48667,38.03897],[-78.48778,38.03922],[-78.48748,38.0395]]],[[[-78.4858,38.03907],[-78.48593,38.0387],[-78.48636,38.03898],[-78.48608,38.03926],[-78.4858,38.03907]]],[[[-78.48532,38.0393],[-78.48547,38.03891],[-78.48605,38.03928],[-78.48575,38.03959],[-78.48532,38.0393]]],[[[-78.48386,38.03954],[-78.48342,38.03923],[-78.48368,38.03896],[-78.48429,38.03936],[-78.48386,38.03954]]],[[[-78.48545,38.03957],[-78.48531,38.03999],[-78.48445,38.03942],[-78.48478,38.03912],[-78.48545,38.03957]]],[[[-78.48389,38.03977],[-78.48361,38.04004],[-78.48304,38.03965],[-78.48334,38.03937],[-78.48389,38.03977]]],[[[-78.48482,38.04019],[-78.48412,38.03973],[-78.48443,38.03945],[-78.48529,38.04001],[-78.48482,38.04019]]],[[[-78.48434,38.04001],[-78.48431,38.04048],[-78.48376,38.04009],[-78.48404,38.03981],[-78.48434,38.04001]]],[[[-78.48483,38.04035],[-78.48459,38.04067],[-78.48431,38.04048],[-78.48461,38.04019],[-78.48483,38.04035]]]]}},{"type":"Feature","properties":{"zone":"RX-3","color":"#F9A424"},"geometry":{"type":"MultiPolygon","coordinates":[[[[-78.52035,38.02426],[-78.52209,38.0244],[-78.52225,38.02517],[-78.52061,38.02507],[-78.52035,38.02426]]],[[[-78.5203,38.02469],[-78.52044,38.02521],[-78.51878,38.02529],[-78.51898,38.02453],[-78.5203,38.02469]]],[[[-78.52015,38.02789],[-78.5198,38.0284],[-78.51969,38.02675],[-78.52008,38.02674],[-78.52015,38.02789]]],[[[-78.51955,38.02675],[-78.51967,38.0284],[-78.51898,38.02843],[-78.51886,38.02679],[-78.51955,38.02675]],[[-78.51924,38.02721],[-78.51923,38.02721],[-78.51958,38.0272],[-78.51924,38.02721]],[[-78.51964,38.02815],[-78.5193,38.02817],[-78.51929,38.02817],[-78.5193,38.02817],[-78.51964,38.02815]],[[-78.51963,38.02791],[-78.51928,38.02793],[-78.51929,38.02793],[-78.51963,38.02791]],[[-78.51929,38.02803],[-78.51929,38.02803],[-78.51929,38.02793],[-78.51929,38.02803]]],[[[-78.51812,38.02526],[-78.51811,38.02453],[-78.51863,38.02436],[-78.51864,38.02526],[-78.51812,38.02526]]],[[[-78.51715,38.02527],[-78.51714,38.02485],[-78.51793,38.02459],[-78.51794,38.02526],[-78.51715,38.02527]]],[[[-78.51875,38.02715],[-78.51655,38.02717],[-78.51654,38.02659],[-78.51871,38.0266],[-78.51875,38.02715]]],[[[-78.51879,38.02787],[-78.51876,38.02847],[-78.51874,38.02847],[-78.51855,38.02849],[-78.51835,38.02851],[-78.51789,38.02853],[-78.51659,38.02858],[-78.51658,38.0273],[-78.51876,38.0273],[-78.51879,38.02787]],[[-78.51853,38.02823],[-78.51853,38.02822],[-78.51855,38.02849],[-78.51853,38.02823]],[[-78.51726,38.0282],[-78.51705,38.02819],[-78.51727,38.02854],[-78.51726,38.0282]],[[-78.51852,38.02764],[-78.51853,38.02787],[-78.51852,38.02765],[-78.51852,38.02764]]],[[[-78.5126,38.02829],[-78.51307,38.02896],[-78.51372,38.02902],[-78.51315,38.02943],[-78.5126,38.02829]]],[[[-78.51438,38.02836],[-78.51462,38.02819],[-78.51504,38.02853],[-78.5145,38.02863],[-78.51438,38.02836]]],[[[-78.51385,38.02895],[-78.51354,38.02862],[-78.51424,38.02833],[-78.51439,38.02866],[-78.51385,38.02895]]],[[[-78.51217,38.02832],[-78.51243,38.02871],[-78.51198,38.02902],[-78.51149,38.02845],[-78.51217,38.02832]]],[[[-78.51249,38.02887],[-78.51303,38.02951],[-78.51243,38.02982],[-78.51226,38.02908],[-78.51249,38.02887]]],[[[-78.51225,38.02992],[-78.51154,38.03035],[-78.51126,38.03019],[-78.51162,38.02981],[-78.51225,38.02992]]],[[[-78.5113,38.03043],[-78.51069,38.03093],[-78.51014,38.03066],[-78.51118,38.03026],[-78.5113,38.03043]]],[[[-78.51013,38.03161],[-78.50957,38.03148],[-78.50983,38.03104],[-78.51046,38.03128],[-78.51013,38.03161]]],[[[-78.49865,38.04215],[-78.49873,38.04116],[-78.49937,38.04141],[-78.49912,38.04179],[-78.49865,38.04215]]],[[[-78.49989,38.04159],[-78.49933,38.04284],[-78.49865,38.04228],[-78.49947,38.04144],[-78.49989,38.04159]]],[[[-78.49857,38.04233],[-78.4993,38.04287],[-78.49752,38.04263],[-78.49749,38.04227],[-78.49857,38.04233]]],[[[-78.49491,38.01778],[-78.49479,38.01838],[-78.49424,38.01818],[-78.4945,38.01757],[-78.49491,38.01778]]],[[[-78.49579,38.02179],[-78.49588,38.02257],[-78.49493,38.02206],[-78.4953,38.02151],[-78.49579,38.02179]]],[[[-78.49477,38.02488],[-78.49266,38.02716],[-78.49136,38.02665],[-78.49143,38.02475],[-78.49477,38.02488]]],[[[-78.49414,38.03066],[-78.4942,38.03054],[-78.49462,38.03068],[-78.49454,38.03079],[-78.49414,38.03066]]],[[[-78.49388,38.03078],[-78.49436,38.03087],[-78.4928,38.03069],[-78.49295,38.03034],[-78.49388,38.03078]]],[[[-78.49361,38.03097],[-78.49399,38.03106],[-78.49322,38.03123],[-78.49343,38.03093],[-78.49361,38.03097]]],[[[-78.49822,38.0418],[-78.49793,38.04214],[-78.49705,38.04211],[-78.49774,38.0408],[-78.49822,38.0418]]],[[[-78.49651,38.04202],[-78.49528,38.04278],[-78.49511,38.04254],[-78.49656,38.04192],[-78.49651,38.04202]]],[[[-78.49357,38.04402],[-78.49309,38.0442],[-78.49306,38.04391],[-78.4936,38.04367],[-78.49357,38.04402]]],[[[-78.49321,38.0456],[-78.49309,38.04433],[-78.49385,38.04404],[-78.49456,38.04503],[-78.49321,38.0456]]],[[[-78.49672,38.0594],[-78.49715,38.05965],[-78.49692,38.05987],[-78.49646,38.05961],[-78.49672,38.0594]]],[[[-78.49686,38.06018],[-78.49726,38.05974],[-78.4978,38.06007],[-78.49743,38.06055],[-78.49686,38.06018]]],[[[-78.49642,38.0602],[-78.4978,38.06094],[-78.49741,38.06154],[-78.49602,38.06089],[-78.49642,38.0602]]],[[[-78.47067,38.01442],[-78.46967,38.01541],[-78.46842,38.01445],[-78.47015,38.01362],[-78.47067,38.01442]]],[[[-78.47557,38.01579],[-78.47669,38.01594],[-78.4769,38.01616],[-78.47582,38.01674],[-78.47494,38.01518],[-78.47557,38.01579]]],[[[-78.47571,38.01692],[-78.47576,38.01711],[-78.47431,38.01647],[-78.47519,38.01636],[-78.47571,38.01692]]],[[[-78.48684,38.01963],[-78.48805,38.01947],[-78.48561,38.02318],[-78.48518,38.02134],[-78.48684,38.01963]]],[[[-78.46546,38.01998],[-78.46609,38.02076],[-78.46271,38.02173],[-78.4644,38.02007],[-78.46546,38.01998]]],[[[-78.46367,38.02379],[-78.46248,38.02432],[-78.46222,38.02344],[-78.46298,38.02311],[-78.46367,38.02379]]],[[[-78.47676,38.02482],[-78.47756,38.02519],[-78.47734,38.02548],[-78.47654,38.02512],[-78.47676,38.02482]]],[[[-78.47132,38.02588],[-78.47389,38.02641],[-78.47388,38.02758],[-78.47327,38.0274],[-78.47132,38.02588]]],[[[-78.48969,38.0328],[-78.49,38.03234],[-78.49041,38.03244],[-78.48954,38.03301],[-78.48969,38.0328]]],[[[-78.48028,38.03418],[-78.48004,38.03411],[-78.48024,38.03369],[-78.48056,38.03378],[-78.48028,38.03418]]],[[[-78.48708,38.03827],[-78.48678,38.03856],[-78.48628,38.03824],[-78.48658,38.03795],[-78.48708,38.03827]]],[[[-78.48547,38.03891],[-78.48517,38.0392],[-78.48489,38.03902],[-78.48593,38.0387],[-78.48547,38.03891]]],[[[-78.45796,38.03927],[-78.45884,38.03978],[-78.45812,38.0405],[-78.45715,38.04002],[-78.45796,38.03927]]],[[[-78.49236,38.04],[-78.49268,38.04039],[-78.49228,38.04058],[-78.49194,38.03997],[-78.49236,38.04]]],[[[-78.47215,38.04432],[-78.47203,38.04811],[-78.47078,38.04867],[-78.47032,38.04429],[-78.47215,38.04432]]],[[[-78.46957,38.04537],[-78.47053,38.04651],[-78.46841,38.0466],[-78.4693,38.04555],[-78.46957,38.04537]]]]}},{"type":"Feature","properties":{"zone":"RX-5","color":"#C67B29"},"geometry":{"type":"MultiPolygon","coordinates":[[[[-78.51538,38.02671],[-78.51637,38.02742],[-78.5164,38.0286],[-78.51504,38.02853],[-78.51538,38.02671]]],[[[-78.50926,38.02781],[-78.50837,38.02869],[-78.50725,38.02797],[-78.5093,38.02725],[-78.50926,38.02781]]],[[[-78.50036,38.03841],[-78.50061,38.03877],[-78.49964,38.03846],[-78.49904,38.03826],[-78.49861,38.03811],[-78.49981,38.03564],[-78.50036,38.03841]],[[-78.49901,38.03778],[-78.49892,38.03797],[-78.49883,38.03819],[-78.49901,38.03778]],[[-78.49985,38.03808],[-78.49921,38.03787],[-78.49921,38.03787],[-78.49985,38.03808]]],[[[-78.50063,38.03888],[-78.49989,38.0403],[-78.49786,38.03954],[-78.49858,38.0382],[-78.50063,38.03888]]],[[[-78.50146,38.03998],[-78.50099,38.04069],[-78.50004,38.04034],[-78.50082,38.039],[-78.50146,38.03998]]],[[[-78.50018,38.04105],[-78.49994,38.04144],[-78.49947,38.04126],[-78.49991,38.04049],[-78.50018,38.04105]]],[[[-78.50163,38.04079],[-78.50202,38.0411],[-78.50135,38.0423],[-78.50055,38.04169],[-78.50163,38.04079]],[[-78.50128,38.04171],[-78.50118,38.04167],[-78.50116,38.04167],[-78.50128,38.04171]]],[[[-78.5009,38.04086],[-78.50044,38.04164],[-78.49997,38.04146],[-78.50044,38.04069],[-78.5009,38.04086]]],[[[-78.50062,38.0421],[-78.50126,38.04241],[-78.50151,38.04265],[-78.50105,38.04299],[-78.50062,38.0421]]],[[[-78.49941,38.04292],[-78.50016,38.0423],[-78.50104,38.04301],[-78.50037,38.04335],[-78.49941,38.04292]]],[[[-78.49909,38.01619],[-78.49867,38.01708],[-78.49767,38.01723],[-78.49901,38.01563],[-78.49909,38.01619]]],[[[-78.49768,38.01835],[-78.49746,38.01755],[-78.49995,38.01691],[-78.49956,38.01954],[-78.49768,38.01835]]],[[[-78.49899,38.03503],[-78.49786,38.03717],[-78.49742,38.03587],[-78.49676,38.0368],[-78.4938,38.03456],[-78.49899,38.03503]],[[-78.49795,38.03468],[-78.49795,38.03468],[-78.49784,38.03449],[-78.49795,38.03468]],[[-78.49876,38.03483],[-78.49876,38.03483],[-78.49875,38.03483],[-78.49876,38.03483]],[[-78.4976,38.03593],[-78.49787,38.036],[-78.4976,38.03593],[-78.4976,38.03593]],[[-78.49751,38.03677],[-78.49753,38.03672],[-78.49751,38.03677],[-78.49751,38.03677]],[[-78.49672,38.03565],[-78.49674,38.03566],[-78.49717,38.03579],[-78.49674,38.03566],[-78.49672,38.03565]],[[-78.49678,38.0355],[-78.49672,38.03567],[-78.49672,38.03565],[-78.49678,38.0355]],[[-78.49688,38.035],[-78.49663,38.03494],[-78.49688,38.035],[-78.49688,38.035]],[[-78.49656,38.03602],[-78.49641,38.03634],[-78.49643,38.03635],[-78.49656,38.03602]]],[[[-78.49917,38.03499],[-78.4996,38.03487],[-78.49964,38.0351],[-78.49917,38.03499]]],[[[-78.49964,38.0351],[-78.49936,38.03624],[-78.4986,38.03605],[-78.49917,38.03499],[-78.49964,38.0351]]],[[[-78.49897,38.037],[-78.49875,38.03749],[-78.49798,38.03726],[-78.49856,38.03613],[-78.49931,38.03634],[-78.49897,38.037]],[[-78.49848,38.03712],[-78.49861,38.03689],[-78.49861,38.03689],[-78.49848,38.03712]],[[-78.49868,38.03676],[-78.49868,38.03676],[-78.49842,38.03667],[-78.49868,38.03676]],[[-78.49872,38.03669],[-78.49878,38.03658],[-78.49876,38.0366],[-78.49872,38.03669]]],[[[-78.49859,38.03744],[-78.49862,38.03779],[-78.49784,38.03754],[-78.49795,38.0373],[-78.49859,38.03744]]],[[[-78.49927,38.04025],[-78.49881,38.04102],[-78.49834,38.04085],[-78.4988,38.04007],[-78.49927,38.04025]]],[[[-78.49948,38.04095],[-78.49886,38.04104],[-78.49931,38.04026],[-78.49978,38.04044],[-78.49948,38.04095]]],[[[-78.49782,38.03728],[-78.49737,38.03813],[-78.49642,38.0378],[-78.49686,38.03697],[-78.49782,38.03728]],[[-78.49735,38.03713],[-78.49734,38.03716],[-78.4972,38.03738],[-78.49735,38.03713]]],[[[-78.49783,38.03755],[-78.49861,38.03781],[-78.49852,38.03805],[-78.49771,38.03778],[-78.49783,38.03755]]],[[[-78.49828,38.03858],[-78.49773,38.0395],[-78.4969,38.03919],[-78.49766,38.03788],[-78.49828,38.03858]]],[[[-78.4977,38.0406],[-78.49731,38.04046],[-78.49777,38.03968],[-78.49816,38.03983],[-78.4977,38.0406]]],[[[-78.49775,38.04062],[-78.49821,38.03985],[-78.49868,38.04003],[-78.49821,38.0408],[-78.49775,38.04062]]],[[[-78.49436,38.02119],[-78.49467,38.02134],[-78.49445,38.02161],[-78.49413,38.02144],[-78.49436,38.02119]]],[[[-78.49681,38.03933],[-78.4972,38.03948],[-78.49673,38.04026],[-78.49634,38.04011],[-78.49681,38.03933]]],[[[-78.49734,38.04013],[-78.49679,38.04028],[-78.49724,38.0395],[-78.49763,38.03964],[-78.49734,38.04013]]],[[[-78.49671,38.04042],[-78.49693,38.04208],[-78.49303,38.04378],[-78.4924,38.04189],[-78.49671,38.04042]]],[[[-78.49252,38.02437],[-78.49111,38.0247],[-78.49445,38.02161],[-78.49448,38.02181],[-78.49252,38.02437]]],[[[-78.49317,38.02219],[-78.49328,38.02155],[-78.49374,38.02138],[-78.49376,38.02144],[-78.49317,38.02219]]],[[[-78.48253,38.02697],[-78.4829,38.02627],[-78.48385,38.02659],[-78.48338,38.02761],[-78.48253,38.02697]]],[[[-78.48772,38.02947],[-78.48795,38.03029],[-78.48704,38.02998],[-78.48733,38.02948],[-78.48772,38.02947]]],[[[-78.48945,38.03005],[-78.48984,38.03085],[-78.48805,38.03034],[-78.48853,38.02961],[-78.48945,38.03005]]],[[[-78.49056,38.03033],[-78.49131,38.02975],[-78.49286,38.03028],[-78.49235,38.03118],[-78.49056,38.03033]]],[[[-78.47,38.03081],[-78.47061,38.03097],[-78.46911,38.03095],[-78.46934,38.03052],[-78.47,38.03081]]],[[[-78.49171,38.03405],[-78.49034,38.03301],[-78.49375,38.03334],[-78.49313,38.03427],[-78.49354,38.03477],[-78.49171,38.03405]]],[[[-78.49333,38.03415],[-78.49344,38.03395],[-78.49392,38.03406],[-78.49375,38.03436],[-78.49333,38.03415]]],[[[-78.48104,38.03405],[-78.48092,38.0343],[-78.4806,38.03415],[-78.48076,38.03397],[-78.48104,38.03405]]],[[[-78.47961,38.03499],[-78.47984,38.03452],[-78.48117,38.03492],[-78.48097,38.03536],[-78.47961,38.03499]]],[[[-78.49277,38.04051],[-78.49307,38.04102],[-78.49584,38.0406],[-78.49233,38.04169],[-78.49277,38.04051]]],[[[-78.48878,38.05943],[-78.4878,38.06011],[-78.4873,38.05957],[-78.48828,38.05896],[-78.48878,38.05943]]]]}}]}